שם בעברית,שם באנגלית,כשר\לא,קטגוריות
אבן עזרא על שמות; פירוש הקצר,Ibn Ezra HaKatzar on Exodus,,תנך,ראשונים על התנ״ך,אבן עזרא,תורה
רמבן על איוב,Ramban on Job,,תנך,ראשונים על התנ״ך,רמבן
אשכול הכופר על רות,Eshkol HaKofer on Ruth,,תנך,ראשונים על התנ״ך
דברי דוד על רש״י,Divrei David on Rashi,,תנך,אחרונים על התנ״ך,דברי דוד
מחוקקי יהודה קרני אור,Mechokekei Yehudah; Karnei Ohr,,תנך,אחרונים על התנ״ך,מחוקקי יהודה
מחוקקי יהודה יהל אור,Mechokekei Yehudah; Yahel Ohr,,תנך,אחרונים על התנ״ך,מחוקקי יהודה
מגלה עמוקות על התורה,Megalleh Amukkot on Torah,,תנך,אחרונים על התנ״ך
נחלת יעקב,Nachalat Ya'akov,,תנך,אחרונים על התנ״ך,נחלת יעקב
ראשון לציון על יהושע,Rishon LeTzion on Joshua,,תנך,אחרונים על התנ״ך,אור החיים,נביאים
ראשון לציון על שופטים,Rishon LeTzion on Judges,,תנך,אחרונים על התנ״ך,אור החיים,נביאים
ראשון לציון על שמואל ב,Rishon LeTzion on II Samuel,,תנך,אחרונים על התנ״ך,אור החיים,נביאים
ראשון לציון על ישעיהו,Rishon LeTzion on Isaiah,,תנך,אחרונים על התנ״ך,אור החיים,נביאים
ראשון לציון על משלי,Rishon LeTzion on Proverbs,,תנך,אחרונים על התנ״ך,אור החיים,כתובים
ראשון לציון על שיר השירים,Rishon LeTzion on Song of Songs,,תנך,אחרונים על התנ״ך,אור החיים,כתובים
ראשון לציון על איכה,Rishon LeTzion on Lamentations,,תנך,אחרונים על התנ״ך,אור החיים,כתובים
ראשון לציון על אסתר,Rishon LeTzion on Esther,,תנך,אחרונים על התנ״ך,אור החיים,כתובים
פרדס יוסף,Pardes Yosef,,תנך,אחרונים על התנ״ך
צאינה וראינה,Tze'enah Ure'enah,,תנך,אחרונים על התנ״ך
פירושי רדצ הופמן על שמות,David Zvi Hoffmann on Exodus,,תנך,פירושים מודרניים על התנ״ך
פירושי רדצ הופמן על ויקרא,David Zvi Hoffmann on Leviticus,,תנך,פירושים מודרניים על התנ״ך
"שיג ושיח; קריאות חדשות בפרשת השבוע, בראשית",Covenant and Conversation; Genesis; The Book of the Beginnings,,תנך,פירושים מודרניים על התנ״ך,יונתן זקס,שיג ושיח; קריאות חדשות בפרשת השבוע
"שיג ושיח; קריאות חדשות בפרשת השבוע, שמות",Covenant and Conversation; Exodus; The Book of Redemption,,תנך,פירושים מודרניים על התנ״ך,יונתן זקס,שיג ושיח; קריאות חדשות בפרשת השבוע
"שיג ושיח; קריאות חדשות בפרשת השבוע, ויקרא",Covenant and Conversation; Leviticus; The Book of Holiness,,תנך,פירושים מודרניים על התנ״ך,יונתן זקס,שיג ושיח; קריאות חדשות בפרשת השבוע
"שיג ושיח; קריאות חדשות בפרשת השבוע, במדבר",Covenant and Conversation; Numbers; The Wilderness Years,,תנך,פירושים מודרניים על התנ״ך,יונתן זקס,שיג ושיח; קריאות חדשות בפרשת השבוע
"שיג ושיח; קריאות חדשות בפרשת השבוע, דברים",Covenant and Conversation; Deuteronomy; Renewal of the Sinai Covenant,,תנך,פירושים מודרניים על התנ״ך,יונתן זקס,שיג ושיח; קריאות חדשות בפרשת השבוע
שיח ושיג מהדורה משפחתית,Covenant and Conversation Family Edition,,תנך,פירושים מודרניים על התנ״ך,יונתן זקס,שיג ושיח; קריאות חדשות בפרשת השבוע
מאמרים על אתיקה; קריאות חדשות בפרשת השבוע,Essays in Ethics; A Weekly Reading of the Jewish Bible,,תנך,פירושים מודרניים על התנ״ך,יונתן זקס
אני מאמין; קריאות חדשות בפרשת השבוע,I Believe; A Weekly Reading of the Jewish Bible,,תנך,פירושים מודרניים על התנ״ך,יונתן זקס
רעיונות משני חיים; קריאות חדשות בפרשת השבוע,Judaism's Life Changing Ideas; A Weekly Reading of the Jewish Bible,,תנך,פירושים מודרניים על התנ״ך,יונתן זקס
שיעורים במנהיגות; קריאות חדשות בפרשת השבוע,Lessons in Leadership; A Weekly Reading of the Jewish Bible,,תנך,פירושים מודרניים על התנ״ך,יונתן זקס
שיעורים ברוחניות; קריאות חדשות בפרשת השבוע,Studies in Spirituality; A Weekly Reading of the Jewish Bible,,תנך,פירושים מודרניים על התנ״ך,יונתן זקס
ביאור שטיינזלץ על בראשית,Steinsaltz on Genesis,,תנך,פירושים מודרניים על התנ״ך,ביאור שטיינזלץ,תורה
ביאור שטיינזלץ על שמות,Steinsaltz on Exodus,,תנך,פירושים מודרניים על התנ״ך,ביאור שטיינזלץ,תורה
ביאור שטיינזלץ על ויקרא,Steinsaltz on Leviticus,,תנך,פירושים מודרניים על התנ״ך,ביאור שטיינזלץ,תורה
ביאור שטיינזלץ על במדבר,Steinsaltz on Numbers,,תנך,פירושים מודרניים על התנ״ך,ביאור שטיינזלץ,תורה
ביאור שטיינזלץ על דברים,Steinsaltz on Deuteronomy,,תנך,פירושים מודרניים על התנ״ך,ביאור שטיינזלץ,תורה
ביאור שטיינזלץ על יהושע,Steinsaltz on Joshua,,תנך,פירושים מודרניים על התנ״ך,ביאור שטיינזלץ,נביאים
ביאור שטיינזלץ על שופטים,Steinsaltz on Judges,,תנך,פירושים מודרניים על התנ״ך,ביאור שטיינזלץ,נביאים
ביאור שטיינזלץ על שמואל א,Steinsaltz on I Samuel,,תנך,פירושים מודרניים על התנ״ך,ביאור שטיינזלץ,נביאים
ביאור שטיינזלץ על שמואל ב,Steinsaltz on II Samuel,,תנך,פירושים מודרניים על התנ״ך,ביאור שטיינזלץ,נביאים
ביאור שטיינזלץ על מלכים א,Steinsaltz on I Kings,,תנך,פירושים מודרניים על התנ״ך,ביאור שטיינזלץ,נביאים
ביאור שטיינזלץ על מלכים ב,Steinsaltz on II Kings,,תנך,פירושים מודרניים על התנ״ך,ביאור שטיינזלץ,נביאים
ביאור שטיינזלץ על ישעיהו,Steinsaltz on Isaiah,,תנך,פירושים מודרניים על התנ״ך,ביאור שטיינזלץ,נביאים
ביאור שטיינזלץ על ירמיהו,Steinsaltz on Jeremiah,,תנך,פירושים מודרניים על התנ״ך,ביאור שטיינזלץ,נביאים
ביאור שטיינזלץ על יחזקאל,Steinsaltz on Ezekiel,,תנך,פירושים מודרניים על התנ״ך,ביאור שטיינזלץ,נביאים
ביאור שטיינזלץ על הושע,Steinsaltz on Hosea,,תנך,פירושים מודרניים על התנ״ך,ביאור שטיינזלץ,נביאים
ביאור שטיינזלץ על יואל,Steinsaltz on Joel,,תנך,פירושים מודרניים על התנ״ך,ביאור שטיינזלץ,נביאים
ביאור שטיינזלץ על עמוס,Steinsaltz on Amos,,תנך,פירושים מודרניים על התנ״ך,ביאור שטיינזלץ,נביאים
ביאור שטיינזלץ על עובדיה,Steinsaltz on Obadiah,,תנך,פירושים מודרניים על התנ״ך,ביאור שטיינזלץ,נביאים
ביאור שטיינזלץ על יונה,Steinsaltz on Jonah,,תנך,פירושים מודרניים על התנ״ך,ביאור שטיינזלץ,נביאים
ביאור שטיינזלץ על מיכה,Steinsaltz on Micah,,תנך,פירושים מודרניים על התנ״ך,ביאור שטיינזלץ,נביאים
ביאור שטיינזלץ על נחום,Steinsaltz on Nahum,,תנך,פירושים מודרניים על התנ״ך,ביאור שטיינזלץ,נביאים
ביאור שטיינזלץ על חבקוק,Steinsaltz on Habakkuk,,תנך,פירושים מודרניים על התנ״ך,ביאור שטיינזלץ,נביאים
ביאור שטיינזלץ על צפניה,Steinsaltz on Zephaniah,,תנך,פירושים מודרניים על התנ״ך,ביאור שטיינזלץ,נביאים
ביאור שטיינזלץ על חגי,Steinsaltz on Haggai,,תנך,פירושים מודרניים על התנ״ך,ביאור שטיינזלץ,נביאים
ביאור שטיינזלץ על זכריה,Steinsaltz on Zechariah,,תנך,פירושים מודרניים על התנ״ך,ביאור שטיינזלץ,נביאים
ביאור שטיינזלץ על מלאכי,Steinsaltz on Malachi,,תנך,פירושים מודרניים על התנ״ך,ביאור שטיינזלץ,נביאים
ביאור שטיינזלץ על תהילים,Steinsaltz on Psalms,,תנך,פירושים מודרניים על התנ״ך,ביאור שטיינזלץ,כתובים
ביאור שטיינזלץ על משלי,Steinsaltz on Proverbs,,תנך,פירושים מודרניים על התנ״ך,ביאור שטיינזלץ,כתובים
ביאור שטיינזלץ על איוב,Steinsaltz on Job,,תנך,פירושים מודרניים על התנ״ך,ביאור שטיינזלץ,כתובים
ביאור שטיינזלץ על שיר השירים,Steinsaltz on Song of Songs,,תנך,פירושים מודרניים על התנ״ך,ביאור שטיינזלץ,כתובים
ביאור שטיינזלץ על רות,Steinsaltz on Ruth,,תנך,פירושים מודרניים על התנ״ך,ביאור שטיינזלץ,כתובים
ביאור שטיינזלץ על איכה,Steinsaltz on Lamentations,,תנך,פירושים מודרניים על התנ״ך,ביאור שטיינזלץ,כתובים
ביאור שטיינזלץ על קהלת,Steinsaltz on Ecclesiastes,,תנך,פירושים מודרניים על התנ״ך,ביאור שטיינזלץ,כתובים
ביאור שטיינזלץ על אסתר,Steinsaltz on Esther,,תנך,פירושים מודרניים על התנ״ך,ביאור שטיינזלץ,כתובים
ביאור שטיינזלץ על דניאל,Steinsaltz on Daniel,,תנך,פירושים מודרניים על התנ״ך,ביאור שטיינזלץ,כתובים
ביאור שטיינזלץ על עזרא,Steinsaltz on Ezra,,תנך,פירושים מודרניים על התנ״ך,ביאור שטיינזלץ,כתובים
ביאור שטיינזלץ על נחמיה,Steinsaltz on Nehemiah,,תנך,פירושים מודרניים על התנ״ך,ביאור שטיינזלץ,כתובים
ביאור שטיינזלץ על דברי הימים א,Steinsaltz on I Chronicles,,תנך,פירושים מודרניים על התנ״ך,ביאור שטיינזלץ,כתובים
ביאור שטיינזלץ על דברי הימים ב,Steinsaltz on II Chronicles,,תנך,פירושים מודרניים על התנ״ך,ביאור שטיינזלץ,כתובים
"משנת ארץ ישראל, מבוא","Mishnat Eretz Yisrael, Preface",,משנה,פירושים מודרניים על המשנה,משנת ארץ ישראל
שערי תורת בבל על משנה מדות,Sha'arei Torat Bavel on Mishnah Middot,,משנה,פירושים מודרניים על המשנה,שערי תורת בבל,סדר קדשים
שערי תורת בבל על משנה קינים,Sha'arei Torat Bavel on Mishnah Kinnim,,משנה,פירושים מודרניים על המשנה,שערי תורת בבל,סדר קדשים
שערי תורת בבל על משנה עדיות,Sha'arei Torat Bavel on Mishnah Eduyot,,משנה,פירושים מודרניים על המשנה,שערי תורת בבל,סדר נזיקין
שערי תורת בבל על משנה אבות,Sha'arei Torat Bavel on Pirkei Avot,,משנה,פירושים מודרניים על המשנה,שערי תורת בבל,סדר נזיקין
שערי תורת בבל על משנה כלים,Sha'arei Torat Bavel on Mishnah Kelim,,משנה,פירושים מודרניים על המשנה,שערי תורת בבל,סדר טהרות
שערי תורת בבל על משנה אהלות,Sha'arei Torat Bavel on Mishnah Oholot,,משנה,פירושים מודרניים על המשנה,שערי תורת בבל,סדר טהרות
שערי תורת בבל על משנה נגעים,Sha'arei Torat Bavel on Mishnah Negaim,,משנה,פירושים מודרניים על המשנה,שערי תורת בבל,סדר טהרות
שערי תורת בבל על משנה פרה,Sha'arei Torat Bavel on Mishnah Parah,,משנה,פירושים מודרניים על המשנה,שערי תורת בבל,סדר טהרות
שערי תורת בבל על משנה טהרות,Sha'arei Torat Bavel on Mishnah Tahorot,,משנה,פירושים מודרניים על המשנה,שערי תורת בבל,סדר טהרות
שערי תורת בבל על משנה מקואות,Sha'arei Torat Bavel on Mishnah Mikvaot,,משנה,פירושים מודרניים על המשנה,שערי תורת בבל,סדר טהרות
שערי תורת בבל על משנה מכשירין,Sha'arei Torat Bavel on Mishnah Makhshirin,,משנה,פירושים מודרניים על המשנה,שערי תורת בבל,סדר טהרות
שערי תורת בבל על משנה זבים,Sha'arei Torat Bavel on Mishnah Zavim,,משנה,פירושים מודרניים על המשנה,שערי תורת בבל,סדר טהרות
שערי תורת בבל על משנה טבול יום,Sha'arei Torat Bavel on Mishnah Tevul Yom,,משנה,פירושים מודרניים על המשנה,שערי תורת בבל,סדר טהרות
שערי תורת בבל על משנה ידים,Sha'arei Torat Bavel on Mishnah Yadayim,,משנה,פירושים מודרניים על המשנה,שערי תורת בבל,סדר טהרות
שערי תורת בבל על משנה עוקצים,Sha'arei Torat Bavel on Mishnah Oktzin,,משנה,פירושים מודרניים על המשנה,שערי תורת בבל,סדר טהרות
שערי תורת בבל על משנה פאה,Sha'arei Torat Bavel on Mishnah Peah,,משנה,פירושים מודרניים על המשנה,שערי תורת בבל,סדר זרעים
שערי תורת בבל על משנה דמאי,Sha'arei Torat Bavel on Mishnah Demai,,משנה,פירושים מודרניים על המשנה,שערי תורת בבל,סדר זרעים
שערי תורת בבל על משנה כלאים,Sha'arei Torat Bavel on Mishnah Kilayim,,משנה,פירושים מודרניים על המשנה,שערי תורת בבל,סדר זרעים
שערי תורת בבל על משנה שביעית,Sha'arei Torat Bavel on Mishnah Sheviit,,משנה,פירושים מודרניים על המשנה,שערי תורת בבל,סדר זרעים
שערי תורת בבל על משנה תרומות,Sha'arei Torat Bavel on Mishnah Terumot,,משנה,פירושים מודרניים על המשנה,שערי תורת בבל,סדר זרעים
שערי תורת בבל על משנה מעשרות,Sha'arei Torat Bavel on Mishnah Maasrot,,משנה,פירושים מודרניים על המשנה,שערי תורת בבל,סדר זרעים
שערי תורת בבל על משנה מעשר שני,Sha'arei Torat Bavel on Mishnah Maaser Sheni,,משנה,פירושים מודרניים על המשנה,שערי תורת בבל,סדר זרעים
שערי תורת בבל על משנה חלה,Sha'arei Torat Bavel on Mishnah Challah,,משנה,פירושים מודרניים על המשנה,שערי תורת בבל,סדר זרעים
שערי תורת בבל על משנה ערלה,Sha'arei Torat Bavel on Mishnah Orlah,,משנה,פירושים מודרניים על המשנה,שערי תורת בבל,סדר זרעים
שערי תורת בבל על משנה ביכורים,Sha'arei Torat Bavel on Mishnah Bikkurim,,משנה,פירושים מודרניים על המשנה,שערי תורת בבל,סדר זרעים
אבות דרבי נתן נוסח ב,"Avot DeRabbi Natan, Recension B",,תלמוד,בבלי,מסכתות קטנות
מאירי על עבודה זרה,Meiri on Avodah Zarah,,תלמוד,בבלי,ראשונים על התלמוד,מאירי,סדר נזיקין
חדושי הראה על כתובות,Chiddushei HaRa'ah on Ketubot,,תלמוד,בבלי,ראשונים על התלמוד,חדושי הראה
חדושי הרי מיגאש על בבא בתרא,Ri Migash on Bava Batra,,תלמוד,בבלי,ראשונים על התלמוד,רי מיגאש
חדושי הרי מיגאש על שבועות,Ri Migash on Shevuot,,תלמוד,בבלי,ראשונים על התלמוד,רי מיגאש
תוספות הראש על ברכות,Tosafot HaRosh on Berakhot,,תלמוד,בבלי,ראשונים על התלמוד,תוספות הראש
תוספות הראש על קידושין,Tosafot HaRosh on Kiddushin,,תלמוד,בבלי,ראשונים על התלמוד,תוספות הראש
ערוך לנר על ראש השנה,Arukh LaNer on Rosh Hashanah,,תלמוד,בבלי,אחרונים על התלמוד
ערוך לנר על סנהדרין,Arukh LaNer on Sanhedrin,,תלמוד,בבלי,אחרונים על התלמוד
שערי תורת בבל על ברכות,Sha'arei Torat Bavel on Berakhot,,תלמוד,בבלי,אחרונים על התלמוד,שערי תורת בבל,סדר זרעים
שערי תורת בבל על שבת,Sha'arei Torat Bavel on Shabbat,,תלמוד,בבלי,אחרונים על התלמוד,שערי תורת בבל,סדר מועד
שערי תורת בבל על עירובין,Sha'arei Torat Bavel on Eruvin,,תלמוד,בבלי,אחרונים על התלמוד,שערי תורת בבל,סדר מועד
שערי תורת בבל על פסחים,Sha'arei Torat Bavel on Pesachim,,תלמוד,בבלי,אחרונים על התלמוד,שערי תורת בבל,סדר מועד
שערי תורת בבל על ראש השנה,Sha'arei Torat Bavel on Rosh Hashanah,,תלמוד,בבלי,אחרונים על התלמוד,שערי תורת בבל,סדר מועד
שערי תורת בבל על יומא,Sha'arei Torat Bavel on Yoma,,תלמוד,בבלי,אחרונים על התלמוד,שערי תורת בבל,סדר מועד
שערי תורת בבל על סוכה,Sha'arei Torat Bavel on Sukkah,,תלמוד,בבלי,אחרונים על התלמוד,שערי תורת בבל,סדר מועד
שערי תורת בבל על ביצה,Sha'arei Torat Bavel on Beitzah,,תלמוד,בבלי,אחרונים על התלמוד,שערי תורת בבל,סדר מועד
שערי תורת בבל על תענית,Sha'arei Torat Bavel on Taanit,,תלמוד,בבלי,אחרונים על התלמוד,שערי תורת בבל,סדר מועד
שערי תורת בבל על מגילה,Sha'arei Torat Bavel on Megillah,,תלמוד,בבלי,אחרונים על התלמוד,שערי תורת בבל,סדר מועד
שערי תורת בבל על מועד קטן,Sha'arei Torat Bavel on Moed Katan,,תלמוד,בבלי,אחרונים על התלמוד,שערי תורת בבל,סדר מועד
שערי תורת בבל על חגיגה,Sha'arei Torat Bavel on Chagigah,,תלמוד,בבלי,אחרונים על התלמוד,שערי תורת בבל,סדר מועד
שערי תורת בבל על יבמות,Sha'arei Torat Bavel on Yevamot,,תלמוד,בבלי,אחרונים על התלמוד,שערי תורת בבל,סדר נשים
שערי תורת בבל על כתובות,Sha'arei Torat Bavel on Ketubot,,תלמוד,בבלי,אחרונים על התלמוד,שערי תורת בבל,סדר נשים
שערי תורת בבל על נדרים,Sha'arei Torat Bavel on Nedarim,,תלמוד,בבלי,אחרונים על התלמוד,שערי תורת בבל,סדר נשים
שערי תורת בבל על נזיר,Sha'arei Torat Bavel on Nazir,,תלמוד,בבלי,אחרונים על התלמוד,שערי תורת בבל,סדר נשים
שערי תורת בבל על סוטה,Sha'arei Torat Bavel on Sotah,,תלמוד,בבלי,אחרונים על התלמוד,שערי תורת בבל,סדר נשים
שערי תורת בבל על גיטין,Sha'arei Torat Bavel on Gittin,,תלמוד,בבלי,אחרונים על התלמוד,שערי תורת בבל,סדר נשים
שערי תורת בבל על קידושין,Sha'arei Torat Bavel on Kiddushin,,תלמוד,בבלי,אחרונים על התלמוד,שערי תורת בבל,סדר נשים
שערי תורת בבל על בבא קמא,Sha'arei Torat Bavel on Bava Kamma,,תלמוד,בבלי,אחרונים על התלמוד,שערי תורת בבל,סדר נזיקין
שערי תורת בבל על בבא מציעא,Sha'arei Torat Bavel on Bava Metzia,,תלמוד,בבלי,אחרונים על התלמוד,שערי תורת בבל,סדר נזיקין
שערי תורת בבל על בבא בתרא,Sha'arei Torat Bavel on Bava Batra,,תלמוד,בבלי,אחרונים על התלמוד,שערי תורת בבל,סדר נזיקין
שערי תורת בבל על סנהדרין,Sha'arei Torat Bavel on Sanhedrin,,תלמוד,בבלי,אחרונים על התלמוד,שערי תורת בבל,סדר נזיקין
שערי תורת בבל על מכות,Sha'arei Torat Bavel on Makkot,,תלמוד,בבלי,אחרונים על התלמוד,שערי תורת בבל,סדר נזיקין
שערי תורת בבל על שבועות,Sha'arei Torat Bavel on Shevuot,,תלמוד,בבלי,אחרונים על התלמוד,שערי תורת בבל,סדר נזיקין
שערי תורת בבל על עבודה זרה,Sha'arei Torat Bavel on Avodah Zarah,,תלמוד,בבלי,אחרונים על התלמוד,שערי תורת בבל,סדר נזיקין
שערי תורת בבל על הוריות,Sha'arei Torat Bavel on Horayot,,תלמוד,בבלי,אחרונים על התלמוד,שערי תורת בבל,סדר נזיקין
שערי תורת בבל על זבחים,Sha'arei Torat Bavel on Zevachim,,תלמוד,בבלי,אחרונים על התלמוד,שערי תורת בבל,סדר קדשים
שערי תורת בבל על מנחות,Sha'arei Torat Bavel on Menachot,,תלמוד,בבלי,אחרונים על התלמוד,שערי תורת בבל,סדר קדשים
שערי תורת בבל על חולין,Sha'arei Torat Bavel on Chullin,,תלמוד,בבלי,אחרונים על התלמוד,שערי תורת בבל,סדר קדשים
שערי תורת בבל על בכורות,Sha'arei Torat Bavel on Bekhorot,,תלמוד,בבלי,אחרונים על התלמוד,שערי תורת בבל,סדר קדשים
שערי תורת בבל על ערכין,Sha'arei Torat Bavel on Arakhin,,תלמוד,בבלי,אחרונים על התלמוד,שערי תורת בבל,סדר קדשים
שערי תורת בבל על תמורה,Sha'arei Torat Bavel on Temurah,,תלמוד,בבלי,אחרונים על התלמוד,שערי תורת בבל,סדר קדשים
שערי תורת בבל על כריתות,Sha'arei Torat Bavel on Keritot,,תלמוד,בבלי,אחרונים על התלמוד,שערי תורת בבל,סדר קדשים
שערי תורת בבל על מעילה,Sha'arei Torat Bavel on Meilah,,תלמוד,בבלי,אחרונים על התלמוד,שערי תורת בבל,סדר קדשים
שערי תורת בבל על תמיד,Sha'arei Torat Bavel on Tamid,,תלמוד,בבלי,אחרונים על התלמוד,שערי תורת בבל,סדר קדשים
שערי תורת בבל על נדה,Sha'arei Torat Bavel on Niddah,,תלמוד,בבלי,אחרונים על התלמוד,שערי תורת בבל,סדר טהרות
שערי תורת בבל על אבות דרבי נתן,Sha'arei Torat Bavel on Avot DeRabbi Natan,,תלמוד,בבלי,אחרונים על התלמוד,שערי תורת בבל,מסכתות קטנות
שערי תורת בבל על מסכת עבדים,Sha'arei Torat Bavel on Tractate Avadim,,תלמוד,בבלי,אחרונים על התלמוד,שערי תורת בבל,מסכתות קטנות
שערי תורת בבל על מסכת דרך ארץ רבה,Sha'arei Torat Bavel on Tractate Derekh Eretz Rabbah,,תלמוד,בבלי,אחרונים על התלמוד,שערי תורת בבל,מסכתות קטנות
שערי תורת בבל על מסכת דרך ארץ זוטא,Sha'arei Torat Bavel on Tractate Derekh Eretz Zuta,,תלמוד,בבלי,אחרונים על התלמוד,שערי תורת בבל,מסכתות קטנות
שערי תורת בבל על מסכת גרים,Sha'arei Torat Bavel on Tractate Gerim,,תלמוד,בבלי,אחרונים על התלמוד,שערי תורת בבל,מסכתות קטנות
שערי תורת בבל על מסכת כלה,Sha'arei Torat Bavel on Tractate Kallah,,תלמוד,בבלי,אחרונים על התלמוד,שערי תורת בבל,מסכתות קטנות
שערי תורת בבל על מסכת כותים,Sha'arei Torat Bavel on Tractate Kutim,,תלמוד,בבלי,אחרונים על התלמוד,שערי תורת בבל,מסכתות קטנות
שערי תורת בבל על מסכת שמחות,Sha'arei Torat Bavel on Tractate Semachot,,תלמוד,בבלי,אחרונים על התלמוד,שערי תורת בבל,מסכתות קטנות
שערי תורת בבל על מסכת סופרים,Sha'arei Torat Bavel on Tractate Soferim,,תלמוד,בבלי,אחרונים על התלמוד,שערי תורת בבל,מסכתות קטנות
ציון לנפש חיה על ברכות,Tziyyun LeNefesh Chayyah on Berakhot,,תלמוד,בבלי,אחרונים על התלמוד,ציון לנפש חיה
ציון לנפש חיה על חגיגה,Tziyyun LeNefesh Chayyah on Chagigah,,תלמוד,בבלי,אחרונים על התלמוד,ציון לנפש חיה
ציון לנפש חיה על חולין,Tziyyun LeNefesh Chayyah on Chullin,,תלמוד,בבלי,אחרונים על התלמוד,ציון לנפש חיה
ציון לנפש חיה על עירובין,Tziyyun LeNefesh Chayyah on Eruvin,,תלמוד,בבלי,אחרונים על התלמוד,ציון לנפש חיה
ציון לנפש חיה על מגילה,Tziyyun LeNefesh Chayyah on Megillah,,תלמוד,בבלי,אחרונים על התלמוד,ציון לנפש חיה
ציון לנפש חיה על מנחות,Tziyyun LeNefesh Chayyah on Menachot,,תלמוד,בבלי,אחרונים על התלמוד,ציון לנפש חיה
ציון לנפש חיה על ראש השנה,Tziyyun LeNefesh Chayyah on Rosh Hashanah,,תלמוד,בבלי,אחרונים על התלמוד,ציון לנפש חיה
ציון לנפש חיה על שבת,Tziyyun LeNefesh Chayyah on Shabbat,,תלמוד,בבלי,אחרונים על התלמוד,ציון לנפש חיה
ציון לנפש חיה על תענית,Tziyyun LeNefesh Chayyah on Taanit,,תלמוד,בבלי,אחרונים על התלמוד,ציון לנפש חיה
ציון לנפש חיה על זבחים,Tziyyun LeNefesh Chayyah on Zevachim,,תלמוד,בבלי,אחרונים על התלמוד,ציון לנפש חיה
באר שבע על חולין,Be'er Sheva on Chullin,,תלמוד,בבלי,אחרונים על התלמוד,באר שבע
באר שבע על הוריות,Be'er Sheva on Horayot,,תלמוד,בבלי,אחרונים על התלמוד,באר שבע
באר שבע על כריתות,Be'er Sheva on Keritot,,תלמוד,בבלי,אחרונים על התלמוד,באר שבע
באר שבע על סנהדרין,Be'er Sheva on Sanhedrin,,תלמוד,בבלי,אחרונים על התלמוד,באר שבע
באר שבע על סוטה,Be'er Sheva on Sotah,,תלמוד,בבלי,אחרונים על התלמוד,באר שבע
באר שבע על תמיד,Be'er Sheva on Tamid,,תלמוד,בבלי,אחרונים על התלמוד,באר שבע
חידושי הרימ על בבא קמא,Chiddushei HaRim on Bava Kamma,,תלמוד,בבלי,אחרונים על התלמוד,חידושי הרימ
חידושי הרימ על בבא בתרא,Chiddushei HaRim on Bava Batra,,תלמוד,בבלי,אחרונים על התלמוד,חידושי הרימ
חידושי הרימ על בבא מציעא,Chiddushei HaRim on Bava Metzia,,תלמוד,בבלי,אחרונים על התלמוד,חידושי הרימ
חידושי הרימ על גיטין,Chiddushei HaRim on Gittin,,תלמוד,בבלי,אחרונים על התלמוד,חידושי הרימ
חידושי הרימ על כתובות,Chiddushei HaRim on Ketubot,,תלמוד,בבלי,אחרונים על התלמוד,חידושי הרימ
חידושי הרימ על קידושין,Chiddushei HaRim on Kiddushin,,תלמוד,בבלי,אחרונים על התלמוד,חידושי הרימ
חידושי הרימ על שבועות,Chiddushei HaRim on Shevuot,,תלמוד,בבלי,אחרונים על התלמוד,חידושי הרימ
גבורת ארי על יומא,Gevurat Ari on Yoma,,תלמוד,בבלי,אחרונים על התלמוד,גבורת ארי
גבורת ארי על ביצה,Gevurat Ari on Beitzah,,תלמוד,בבלי,אחרונים על התלמוד,גבורת ארי
גבורת ארי על תענית,Gevurat Ari on Taanit,,תלמוד,בבלי,אחרונים על התלמוד,גבורת ארי
גבורת ארי על נזיר,Gevurat Ari on Nazir,,תלמוד,בבלי,אחרונים על התלמוד,גבורת ארי
גבורת ארי על מכות,Gevurat Ari on Makkot,,תלמוד,בבלי,אחרונים על התלמוד,גבורת ארי
רשימות שיעורים על הוריות,Reshimot Shiurim on Horayot,,תלמוד,בבלי,פירושים מודרניים על התלמוד,רשימות שיעורים
רשימות שיעורים על סנהדרין,Reshimot Shiurim on Sanhedrin,,תלמוד,בבלי,פירושים מודרניים על התלמוד,רשימות שיעורים
ביאור הגרא על תלמוד ירושלמי פאה,Beur HaGra on Jerusalem Talmud Peah,,תלמוד,ירושלמי,מפרשים,ביאור הגרא על תלמוד ירושלמי
ביאור הגרא על תלמוד ירושלמי דמאי,Beur HaGra on Jerusalem Talmud Demai,,תלמוד,ירושלמי,מפרשים,ביאור הגרא על תלמוד ירושלמי
ביאור הגרא על תלמוד ירושלמי כלאים,Beur HaGra on Jerusalem Talmud Kilayim,,תלמוד,ירושלמי,מפרשים,ביאור הגרא על תלמוד ירושלמי
ביאור הגרא על תלמוד ירושלמי שביעית,Beur HaGra on Jerusalem Talmud Sheviit,,תלמוד,ירושלמי,מפרשים,ביאור הגרא על תלמוד ירושלמי
ביאור הגרא על תלמוד ירושלמי תרומות,Beur HaGra on Jerusalem Talmud Terumot,,תלמוד,ירושלמי,מפרשים,ביאור הגרא על תלמוד ירושלמי
ביאור הגרא על תלמוד ירושלמי מעשרות,Beur HaGra on Jerusalem Talmud Maasrot,,תלמוד,ירושלמי,מפרשים,ביאור הגרא על תלמוד ירושלמי
ביאור הגרא על תלמוד ירושלמי מעשר שני,Beur HaGra on Jerusalem Talmud Maaser Sheni,,תלמוד,ירושלמי,מפרשים,ביאור הגרא על תלמוד ירושלמי
ביאור הגרא על תלמוד ירושלמי חלה,Beur HaGra on Jerusalem Talmud Challah,,תלמוד,ירושלמי,מפרשים,ביאור הגרא על תלמוד ירושלמי
ביאור הגרא על תלמוד ירושלמי ערלה,Beur HaGra on Jerusalem Talmud Orlah,,תלמוד,ירושלמי,מפרשים,ביאור הגרא על תלמוד ירושלמי
ביאור הגרא על תלמוד ירושלמי בכורים,Beur HaGra on Jerusalem Talmud Bikkurim,,תלמוד,ירושלמי,מפרשים,ביאור הגרא על תלמוד ירושלמי
נועם ירושלמי על ברכות,Noam Yerushalmi on Berakhot,,תלמוד,ירושלמי,מפרשים,נועם ירושלמי,סדר זרעים
נועם ירושלמי על פאה,Noam Yerushalmi on Peah,,תלמוד,ירושלמי,מפרשים,נועם ירושלמי,סדר זרעים
נועם ירושלמי על דמאי,Noam Yerushalmi on Demai,,תלמוד,ירושלמי,מפרשים,נועם ירושלמי,סדר זרעים
נועם ירושלמי על כלאים,Noam Yerushalmi on Kilayim,,תלמוד,ירושלמי,מפרשים,נועם ירושלמי,סדר זרעים
נועם ירושלמי על שביעית,Noam Yerushalmi on Sheviit,,תלמוד,ירושלמי,מפרשים,נועם ירושלמי,סדר זרעים
נועם ירושלמי על תרומות,Noam Yerushalmi on Terumot,,תלמוד,ירושלמי,מפרשים,נועם ירושלמי,סדר זרעים
נועם ירושלמי על מעשרות,Noam Yerushalmi on Maasrot,,תלמוד,ירושלמי,מפרשים,נועם ירושלמי,סדר זרעים
נועם ירושלמי על מעשר שני,Noam Yerushalmi on Maaser Sheni,,תלמוד,ירושלמי,מפרשים,נועם ירושלמי,סדר זרעים
נועם ירושלמי על חלה,Noam Yerushalmi on Challah,,תלמוד,ירושלמי,מפרשים,נועם ירושלמי,סדר זרעים
נועם ירושלמי על ערלה,Noam Yerushalmi on Orlah,,תלמוד,ירושלמי,מפרשים,נועם ירושלמי,סדר זרעים
נועם ירושלמי על בכורים,Noam Yerushalmi on Bikkurim,,תלמוד,ירושלמי,מפרשים,נועם ירושלמי,סדר זרעים
נועם ירושלמי על שבת,Noam Yerushalmi on Shabbat,,תלמוד,ירושלמי,מפרשים,נועם ירושלמי,סדר מועד
נועם ירושלמי על עירובין,Noam Yerushalmi on Eruvin,,תלמוד,ירושלמי,מפרשים,נועם ירושלמי,סדר מועד
נועם ירושלמי על פסחים,Noam Yerushalmi on Pesachim,,תלמוד,ירושלמי,מפרשים,נועם ירושלמי,סדר מועד
נועם ירושלמי על יומא,Noam Yerushalmi on Yoma,,תלמוד,ירושלמי,מפרשים,נועם ירושלמי,סדר מועד
נועם ירושלמי על שקלים,Noam Yerushalmi on Shekalim,,תלמוד,ירושלמי,מפרשים,נועם ירושלמי,סדר מועד
נועם ירושלמי על סוכה,Noam Yerushalmi on Sukkah,,תלמוד,ירושלמי,מפרשים,נועם ירושלמי,סדר מועד
נועם ירושלמי על ראש השנה,Noam Yerushalmi on Rosh Hashanah,,תלמוד,ירושלמי,מפרשים,נועם ירושלמי,סדר מועד
נועם ירושלמי על ביצה,Noam Yerushalmi on Beitzah,,תלמוד,ירושלמי,מפרשים,נועם ירושלמי,סדר מועד
נועם ירושלמי על תענית,Noam Yerushalmi on Taanit,,תלמוד,ירושלמי,מפרשים,נועם ירושלמי,סדר מועד
נועם ירושלמי על מגילה,Noam Yerushalmi on Megillah,,תלמוד,ירושלמי,מפרשים,נועם ירושלמי,סדר מועד
נועם ירושלמי על חגיגה,Noam Yerushalmi on Chagigah,,תלמוד,ירושלמי,מפרשים,נועם ירושלמי,סדר מועד
נועם ירושלמי על מועד קטן,Noam Yerushalmi on Moed Katan,,תלמוד,ירושלמי,מפרשים,נועם ירושלמי,סדר מועד
נועם ירושלמי על יבמות,Noam Yerushalmi on Yevamot,,תלמוד,ירושלמי,מפרשים,נועם ירושלמי,סדר נשים
נועם ירושלמי על סוטה,Noam Yerushalmi on Sotah,,תלמוד,ירושלמי,מפרשים,נועם ירושלמי,סדר נשים
נועם ירושלמי על כתובות,Noam Yerushalmi on Ketubot,,תלמוד,ירושלמי,מפרשים,נועם ירושלמי,סדר נשים
נועם ירושלמי על נדרים,Noam Yerushalmi on Nedarim,,תלמוד,ירושלמי,מפרשים,נועם ירושלמי,סדר נשים
נועם ירושלמי על נזיר,Noam Yerushalmi on Nazir,,תלמוד,ירושלמי,מפרשים,נועם ירושלמי,סדר נשים
נועם ירושלמי על גיטין,Noam Yerushalmi on Gittin,,תלמוד,ירושלמי,מפרשים,נועם ירושלמי,סדר נשים
נועם ירושלמי על קידושין,Noam Yerushalmi on Kiddushin,,תלמוד,ירושלמי,מפרשים,נועם ירושלמי,סדר נשים
נועם ירושלמי על בבא קמא,Noam Yerushalmi on Bava Kamma,,תלמוד,ירושלמי,מפרשים,נועם ירושלמי,סדר נזיקין
נועם ירושלמי על בבא מציעא,Noam Yerushalmi on Bava Metzia,,תלמוד,ירושלמי,מפרשים,נועם ירושלמי,סדר נזיקין
נועם ירושלמי על בבא בתרא,Noam Yerushalmi on Bava Batra,,תלמוד,ירושלמי,מפרשים,נועם ירושלמי,סדר נזיקין
נועם ירושלמי על סנהדרין,Noam Yerushalmi on Sanhedrin,,תלמוד,ירושלמי,מפרשים,נועם ירושלמי,סדר נזיקין
נועם ירושלמי על שבועות,Noam Yerushalmi on Shevuot,,תלמוד,ירושלמי,מפרשים,נועם ירושלמי,סדר נזיקין
נועם ירושלמי על עבודה זרה,Noam Yerushalmi on Avodah Zarah,,תלמוד,ירושלמי,מפרשים,נועם ירושלמי,סדר נזיקין
נועם ירושלמי על מכות,Noam Yerushalmi on Makkot,,תלמוד,ירושלמי,מפרשים,נועם ירושלמי,סדר נזיקין
נועם ירושלמי על הוריות,Noam Yerushalmi on Horayot,,תלמוד,ירושלמי,מפרשים,נועם ירושלמי,סדר נזיקין
נועם ירושלמי על נדה,Noam Yerushalmi on Niddah,,תלמוד,ירושלמי,מפרשים,נועם ירושלמי,סדר טהרות
שערי תורת ארץ ישראל על תלמוד ירושלמי שבת,Sha'arei Torat Eretz Yisrael on Jerusalem Talmud Shabbat,,תלמוד,ירושלמי,מפרשים,שערי תורת ארץ ישראל,סדר מועד
שערי תורת ארץ ישראל על תלמוד ירושלמי עירובין,Sha'arei Torat Eretz Yisrael on Jerusalem Talmud Eruvin,,תלמוד,ירושלמי,מפרשים,שערי תורת ארץ ישראל,סדר מועד
שערי תורת ארץ ישראל על תלמוד ירושלמי פסחים,Sha'arei Torat Eretz Yisrael on Jerusalem Talmud Pesachim,,תלמוד,ירושלמי,מפרשים,שערי תורת ארץ ישראל,סדר מועד
שערי תורת ארץ ישראל על תלמוד ירושלמי יומא,Sha'arei Torat Eretz Yisrael on Jerusalem Talmud Yoma,,תלמוד,ירושלמי,מפרשים,שערי תורת ארץ ישראל,סדר מועד
שערי תורת ארץ ישראל על תלמוד ירושלמי שקלים,Sha'arei Torat Eretz Yisrael on Jerusalem Talmud Shekalim,,תלמוד,ירושלמי,מפרשים,שערי תורת ארץ ישראל,סדר מועד
שערי תורת ארץ ישראל על תלמוד ירושלמי סוכה,Sha'arei Torat Eretz Yisrael on Jerusalem Talmud Sukkah,,תלמוד,ירושלמי,מפרשים,שערי תורת ארץ ישראל,סדר מועד
שערי תורת ארץ ישראל על תלמוד ירושלמי ראש השנה,Sha'arei Torat Eretz Yisrael on Jerusalem Talmud Rosh Hashanah,,תלמוד,ירושלמי,מפרשים,שערי תורת ארץ ישראל,סדר מועד
שערי תורת ארץ ישראל על תלמוד ירושלמי ביצה,Sha'arei Torat Eretz Yisrael on Jerusalem Talmud Beitzah,,תלמוד,ירושלמי,מפרשים,שערי תורת ארץ ישראל,סדר מועד
שערי תורת ארץ ישראל על תלמוד ירושלמי תענית,Sha'arei Torat Eretz Yisrael on Jerusalem Talmud Taanit,,תלמוד,ירושלמי,מפרשים,שערי תורת ארץ ישראל,סדר מועד
שערי תורת ארץ ישראל על תלמוד ירושלמי מגילה,Sha'arei Torat Eretz Yisrael on Jerusalem Talmud Megillah,,תלמוד,ירושלמי,מפרשים,שערי תורת ארץ ישראל,סדר מועד
שערי תורת ארץ ישראל על תלמוד ירושלמי חגיגה,Sha'arei Torat Eretz Yisrael on Jerusalem Talmud Chagigah,,תלמוד,ירושלמי,מפרשים,שערי תורת ארץ ישראל,סדר מועד
שערי תורת ארץ ישראל על תלמוד ירושלמי מועד קטן,Sha'arei Torat Eretz Yisrael on Jerusalem Talmud Moed Katan,,תלמוד,ירושלמי,מפרשים,שערי תורת ארץ ישראל,סדר מועד
שערי תורת ארץ ישראל על תלמוד ירושלמי יבמות,Sha'arei Torat Eretz Yisrael on Jerusalem Talmud Yevamot,,תלמוד,ירושלמי,מפרשים,שערי תורת ארץ ישראל,סדר נשים
שערי תורת ארץ ישראל על תלמוד ירושלמי סוטה,Sha'arei Torat Eretz Yisrael on Jerusalem Talmud Sotah,,תלמוד,ירושלמי,מפרשים,שערי תורת ארץ ישראל,סדר נשים
שערי תורת ארץ ישראל על תלמוד ירושלמי כתובות,Sha'arei Torat Eretz Yisrael on Jerusalem Talmud Ketubot,,תלמוד,ירושלמי,מפרשים,שערי תורת ארץ ישראל,סדר נשים
שערי תורת ארץ ישראל על תלמוד ירושלמי נדרים,Sha'arei Torat Eretz Yisrael on Jerusalem Talmud Nedarim,,תלמוד,ירושלמי,מפרשים,שערי תורת ארץ ישראל,סדר נשים
שערי תורת ארץ ישראל על תלמוד ירושלמי נזיר,Sha'arei Torat Eretz Yisrael on Jerusalem Talmud Nazir,,תלמוד,ירושלמי,מפרשים,שערי תורת ארץ ישראל,סדר נשים
שערי תורת ארץ ישראל על תלמוד ירושלמי גיטין,Sha'arei Torat Eretz Yisrael on Jerusalem Talmud Gittin,,תלמוד,ירושלמי,מפרשים,שערי תורת ארץ ישראל,סדר נשים
שערי תורת ארץ ישראל על תלמוד ירושלמי קידושין,Sha'arei Torat Eretz Yisrael on Jerusalem Talmud Kiddushin,,תלמוד,ירושלמי,מפרשים,שערי תורת ארץ ישראל,סדר נשים
שערי תורת ארץ ישראל על תלמוד ירושלמי בבא קמא,Sha'arei Torat Eretz Yisrael on Jerusalem Talmud Bava Kamma,,תלמוד,ירושלמי,מפרשים,שערי תורת ארץ ישראל,סדר נזיקין
שערי תורת ארץ ישראל על תלמוד ירושלמי בבא מציעא,Sha'arei Torat Eretz Yisrael on Jerusalem Talmud Bava Metzia,,תלמוד,ירושלמי,מפרשים,שערי תורת ארץ ישראל,סדר נזיקין
שערי תורת ארץ ישראל על תלמוד ירושלמי בבא בתרא,Sha'arei Torat Eretz Yisrael on Jerusalem Talmud Bava Batra,,תלמוד,ירושלמי,מפרשים,שערי תורת ארץ ישראל,סדר נזיקין
שערי תורת ארץ ישראל על תלמוד ירושלמי סנהדרין,Sha'arei Torat Eretz Yisrael on Jerusalem Talmud Sanhedrin,,תלמוד,ירושלמי,מפרשים,שערי תורת ארץ ישראל,סדר נזיקין
שערי תורת ארץ ישראל על תלמוד ירושלמי שבועות,Sha'arei Torat Eretz Yisrael on Jerusalem Talmud Shevuot,,תלמוד,ירושלמי,מפרשים,שערי תורת ארץ ישראל,סדר נזיקין
שערי תורת ארץ ישראל על תלמוד ירושלמי עבודה זרה,Sha'arei Torat Eretz Yisrael on Jerusalem Talmud Avodah Zarah,,תלמוד,ירושלמי,מפרשים,שערי תורת ארץ ישראל,סדר נזיקין
שערי תורת ארץ ישראל על תלמוד ירושלמי מכות,Sha'arei Torat Eretz Yisrael on Jerusalem Talmud Makkot,,תלמוד,ירושלמי,מפרשים,שערי תורת ארץ ישראל,סדר נזיקין
שערי תורת ארץ ישראל על תלמוד ירושלמי הוריות,Sha'arei Torat Eretz Yisrael on Jerusalem Talmud Horayot,,תלמוד,ירושלמי,מפרשים,שערי תורת ארץ ישראל,סדר נזיקין
שערי תורת ארץ ישראל על תלמוד ירושלמי נדה,Sha'arei Torat Eretz Yisrael on Jerusalem Talmud Niddah,,תלמוד,ירושלמי,מפרשים,שערי תורת ארץ ישראל,סדר טהרות
שערי תורת ארץ ישראל על תלמוד ירושלמי ברכות,Sha'arei Torat Eretz Yisrael on Jerusalem Talmud Berakhot,,תלמוד,ירושלמי,מפרשים,שערי תורת ארץ ישראל,סדר זרעים
שערי תורת ארץ ישראל על תלמוד ירושלמי פאה,Sha'arei Torat Eretz Yisrael on Jerusalem Talmud Peah,,תלמוד,ירושלמי,מפרשים,שערי תורת ארץ ישראל,סדר זרעים
שערי תורת ארץ ישראל על תלמוד ירושלמי דמאי,Sha'arei Torat Eretz Yisrael on Jerusalem Talmud Demai,,תלמוד,ירושלמי,מפרשים,שערי תורת ארץ ישראל,סדר זרעים
שערי תורת ארץ ישראל על תלמוד ירושלמי כלאים,Sha'arei Torat Eretz Yisrael on Jerusalem Talmud Kilayim,,תלמוד,ירושלמי,מפרשים,שערי תורת ארץ ישראל,סדר זרעים
שערי תורת ארץ ישראל על תלמוד ירושלמי שביעית,Sha'arei Torat Eretz Yisrael on Jerusalem Talmud Sheviit,,תלמוד,ירושלמי,מפרשים,שערי תורת ארץ ישראל,סדר זרעים
שערי תורת ארץ ישראל על תלמוד ירושלמי תרומות,Sha'arei Torat Eretz Yisrael on Jerusalem Talmud Terumot,,תלמוד,ירושלמי,מפרשים,שערי תורת ארץ ישראל,סדר זרעים
שערי תורת ארץ ישראל על תלמוד ירושלמי מעשרות,Sha'arei Torat Eretz Yisrael on Jerusalem Talmud Maasrot,,תלמוד,ירושלמי,מפרשים,שערי תורת ארץ ישראל,סדר זרעים
שערי תורת ארץ ישראל על תלמוד ירושלמי מעשר שני,Sha'arei Torat Eretz Yisrael on Jerusalem Talmud Maaser Sheni,,תלמוד,ירושלמי,מפרשים,שערי תורת ארץ ישראל,סדר זרעים
שערי תורת ארץ ישראל על תלמוד ירושלמי חלה,Sha'arei Torat Eretz Yisrael on Jerusalem Talmud Challah,,תלמוד,ירושלמי,מפרשים,שערי תורת ארץ ישראל,סדר זרעים
שערי תורת ארץ ישראל על תלמוד ירושלמי ערלה,Sha'arei Torat Eretz Yisrael on Jerusalem Talmud Orlah,,תלמוד,ירושלמי,מפרשים,שערי תורת ארץ ישראל,סדר זרעים
שערי תורת ארץ ישראל על תלמוד ירושלמי בכורים,Sha'arei Torat Eretz Yisrael on Jerusalem Talmud Bikkurim,,תלמוד,ירושלמי,מפרשים,שערי תורת ארץ ישראל,סדר זרעים
פירוש שלמה סיריליו על תלמוד ירושלמי ברכות,Sirilio on Jerusalem Talmud Berakhot,,תלמוד,ירושלמי,מפרשים,פירוש שלמה סיריליו על תלמוד ירושלמי
פירוש שלמה סיריליו על תלמוד ירושלמי פאה,Sirilio on Jerusalem Talmud Peah,,תלמוד,ירושלמי,מפרשים,פירוש שלמה סיריליו על תלמוד ירושלמי
פירוש שלמה סיריליו על תלמוד ירושלמי דמאי,Sirilio on Jerusalem Talmud Demai,,תלמוד,ירושלמי,מפרשים,פירוש שלמה סיריליו על תלמוד ירושלמי
פירוש שלמה סיריליו על תלמוד ירושלמי כלאים,Sirilio on Jerusalem Talmud Kilayim,,תלמוד,ירושלמי,מפרשים,פירוש שלמה סיריליו על תלמוד ירושלמי
פירוש שלמה סיריליו על תלמוד ירושלמי שביעית,Sirilio on Jerusalem Talmud Sheviit,,תלמוד,ירושלמי,מפרשים,פירוש שלמה סיריליו על תלמוד ירושלמי
פירוש שלמה סיריליו על תלמוד ירושלמי תרומות,Sirilio on Jerusalem Talmud Terumot,,תלמוד,ירושלמי,מפרשים,פירוש שלמה סיריליו על תלמוד ירושלמי
פירוש שלמה סיריליו על תלמוד ירושלמי מעשרות,Sirilio on Jerusalem Talmud Maasrot,,תלמוד,ירושלמי,מפרשים,פירוש שלמה סיריליו על תלמוד ירושלמי
פירוש שלמה סיריליו על תלמוד ירושלמי מעשר שני,Sirilio on Jerusalem Talmud Maaser Sheni,,תלמוד,ירושלמי,מפרשים,פירוש שלמה סיריליו על תלמוד ירושלמי
פירוש שלמה סיריליו על תלמוד ירושלמי חלה,Sirilio on Jerusalem Talmud Challah,,תלמוד,ירושלמי,מפרשים,פירוש שלמה סיריליו על תלמוד ירושלמי
פירוש שלמה סיריליו על תלמוד ירושלמי ערלה,Sirilio on Jerusalem Talmud Orlah,,תלמוד,ירושלמי,מפרשים,פירוש שלמה סיריליו על תלמוד ירושלמי
פירוש שלמה סיריליו על תלמוד ירושלמי בכורים,Sirilio on Jerusalem Talmud Bikkurim,,תלמוד,ירושלמי,מפרשים,פירוש שלמה סיריליו על תלמוד ירושלמי
פירוש שלמה סיריליו על תלמוד ירושלמי שקלים,Sirilio on Jerusalem Talmud Shekalim,,תלמוד,ירושלמי,מפרשים,פירוש שלמה סיריליו על תלמוד ירושלמי
ראבד על ספרא,Ra'avad on Sifra,,מדרש,הלכה,מפרשים
ביאור הרדל על פרקי דרבי אליעזר,Beur HaRadal on Pirkei DeRabbi Eliezer,,מדרש,אגדה
פר אחד על פרקי דרבי אליעזר,Par Echad on Pirkei DeRabbi Eliezer,,מדרש,אגדה
ללמוד לקרוא מדרש,Learning to Read Midrash,,מדרש,טקסטים מודרניים
ספרי זוטא; מדרשה של לוד,Sifrei Zuta; Midrashah shel Lod,,מדרש,טקסטים מודרניים
"ביאור שטיינזלץ, הקדמות למשנה תורה",Steinsaltz Introductions to Mishneh Torah,,הלכה,משנה תורה,מפרשים,ביאור שטיינזלץ
"ביאור שטיינזלץ על משנה תורה, הלכות יסודי התורה","Steinsaltz on Mishneh Torah, Foundations of the Torah",,הלכה,משנה תורה,מפרשים,ביאור שטיינזלץ,ספר מדע
"ביאור שטיינזלץ על משנה תורה, הלכות דעות","Steinsaltz on Mishneh Torah, Human Dispositions",,הלכה,משנה תורה,מפרשים,ביאור שטיינזלץ,ספר מדע
"ביאור שטיינזלץ על משנה תורה, הלכות תלמוד תורה","Steinsaltz on Mishneh Torah, Torah Study",,הלכה,משנה תורה,מפרשים,ביאור שטיינזלץ,ספר מדע
"ביאור שטיינזלץ על משנה תורה, הלכות עבודה זרה וחוקות הגויים","Steinsaltz on Mishneh Torah, Foreign Worship and Customs of the Nations",,הלכה,משנה תורה,מפרשים,ביאור שטיינזלץ,ספר מדע
"ביאור שטיינזלץ על משנה תורה, הלכות תשובה","Steinsaltz on Mishneh Torah, Repentance",,הלכה,משנה תורה,מפרשים,ביאור שטיינזלץ,ספר מדע
"ביאור שטיינזלץ על משנה תורה, הלכות קריאת שמע","Steinsaltz on Mishneh Torah, Reading the Shema",,הלכה,משנה תורה,מפרשים,ביאור שטיינזלץ,ספר אהבה
"ביאור שטיינזלץ על משנה תורה, הלכות תפילה וברכת כהנים","Steinsaltz on Mishneh Torah, Prayer and the Priestly Blessing",,הלכה,משנה תורה,מפרשים,ביאור שטיינזלץ,ספר אהבה
"ביאור שטיינזלץ על משנה תורה, הלכות תפילין ומזוזה וספר תורה","Steinsaltz on Mishneh Torah, Tefillin, Mezuzah and the Torah Scroll",,הלכה,משנה תורה,מפרשים,ביאור שטיינזלץ,ספר אהבה
"ביאור שטיינזלץ על משנה תורה, הלכות ציצית","Steinsaltz on Mishneh Torah, Fringes",,הלכה,משנה תורה,מפרשים,ביאור שטיינזלץ,ספר אהבה
"ביאור שטיינזלץ על משנה תורה, הלכות ברכות","Steinsaltz on Mishneh Torah, Blessings",,הלכה,משנה תורה,מפרשים,ביאור שטיינזלץ,ספר אהבה
"ביאור שטיינזלץ על משנה תורה, הלכות מילה","Steinsaltz on Mishneh Torah, Circumcision",,הלכה,משנה תורה,מפרשים,ביאור שטיינזלץ,ספר אהבה
"ביאור שטיינזלץ על משנה תורה, סדר התפילה","Steinsaltz on Mishneh Torah, The Order of Prayer",,הלכה,משנה תורה,מפרשים,ביאור שטיינזלץ,ספר אהבה
"ביאור שטיינזלץ על משנה תורה, הלכות שבת","Steinsaltz on Mishneh Torah, Sabbath",,הלכה,משנה תורה,מפרשים,ביאור שטיינזלץ,ספר זמנים
"ביאור שטיינזלץ על משנה תורה, הלכות עירובין","Steinsaltz on Mishneh Torah, Eruvin",,הלכה,משנה תורה,מפרשים,ביאור שטיינזלץ,ספר זמנים
"ביאור שטיינזלץ על משנה תורה, הלכות שביתת עשור","Steinsaltz on Mishneh Torah, Rest on the Tenth of Tishrei",,הלכה,משנה תורה,מפרשים,ביאור שטיינזלץ,ספר זמנים
"ביאור שטיינזלץ על משנה תורה, הלכות שביתת יום טוב","Steinsaltz on Mishneh Torah, Rest on a Holiday",,הלכה,משנה תורה,מפרשים,ביאור שטיינזלץ,ספר זמנים
"ביאור שטיינזלץ על משנה תורה, הלכות חמץ ומצה","Steinsaltz on Mishneh Torah, Leavened and Unleavened Bread",,הלכה,משנה תורה,מפרשים,ביאור שטיינזלץ,ספר זמנים
"ביאור שטיינזלץ על משנה תורה, הלכות שופר וסוכה ולולב","Steinsaltz on Mishneh Torah, Shofar, Sukkah and Lulav",,הלכה,משנה תורה,מפרשים,ביאור שטיינזלץ,ספר זמנים
"ביאור שטיינזלץ על משנה תורה, הלכות שקלים","Steinsaltz on Mishneh Torah, Sheqel Dues",,הלכה,משנה תורה,מפרשים,ביאור שטיינזלץ,ספר זמנים
"ביאור שטיינזלץ על משנה תורה, הלכות קידוש החודש","Steinsaltz on Mishneh Torah, Sanctification of the New Month",,הלכה,משנה תורה,מפרשים,ביאור שטיינזלץ,ספר זמנים
"ביאור שטיינזלץ על משנה תורה, הלכות תעניות","Steinsaltz on Mishneh Torah, Fasts",,הלכה,משנה תורה,מפרשים,ביאור שטיינזלץ,ספר זמנים
"ביאור שטיינזלץ על משנה תורה, הלכות מגילה וחנוכה","Steinsaltz on Mishneh Torah, Scroll of Esther and Hanukkah",,הלכה,משנה תורה,מפרשים,ביאור שטיינזלץ,ספר זמנים
"ביאור שטיינזלץ על משנה תורה, הלכות אישות","Steinsaltz on Mishneh Torah, Marriage",,הלכה,משנה תורה,מפרשים,ביאור שטיינזלץ,ספר נשים
"ביאור שטיינזלץ על משנה תורה, הלכות גירושין","Steinsaltz on Mishneh Torah, Divorce",,הלכה,משנה תורה,מפרשים,ביאור שטיינזלץ,ספר נשים
"ביאור שטיינזלץ על משנה תורה, הלכות יבום וחליצה","Steinsaltz on Mishneh Torah, Levirate Marriage and Release",,הלכה,משנה תורה,מפרשים,ביאור שטיינזלץ,ספר נשים
"ביאור שטיינזלץ על משנה תורה, הלכות נערה בתולה","Steinsaltz on Mishneh Torah, Virgin Maiden",,הלכה,משנה תורה,מפרשים,ביאור שטיינזלץ,ספר נשים
ביאור שטיינזלץ על משנה תורה הלכות סוטה,"Steinsaltz on Mishneh Torah, Woman Suspected of Infidelity",,הלכה,משנה תורה,מפרשים,ביאור שטיינזלץ,ספר נשים
"ביאור שטיינזלץ על משנה תורה, הלכות איסורי ביאה","Steinsaltz on Mishneh Torah, Forbidden Intercourse",,הלכה,משנה תורה,מפרשים,ביאור שטיינזלץ,ספר קדושה
"ביאור שטיינזלץ על משנה תורה, הלכות מאכלות אסורות","Steinsaltz on Mishneh Torah, Forbidden Foods",,הלכה,משנה תורה,מפרשים,ביאור שטיינזלץ,ספר קדושה
"ביאור שטיינזלץ על משנה תורה, הלכות שחיטה","Steinsaltz on Mishneh Torah, Ritual Slaughter",,הלכה,משנה תורה,מפרשים,ביאור שטיינזלץ,ספר קדושה
"ביאור שטיינזלץ על משנה תורה, הלכות שבועות","Steinsaltz on Mishneh Torah, Oaths",,הלכה,משנה תורה,מפרשים,ביאור שטיינזלץ,ספר הפלאה
"ביאור שטיינזלץ על משנה תורה, הלכות נדרים","Steinsaltz on Mishneh Torah, Vows",,הלכה,משנה תורה,מפרשים,ביאור שטיינזלץ,ספר הפלאה
"ביאור שטיינזלץ על משנה תורה, הלכות נזירות","Steinsaltz on Mishneh Torah, Nazariteship",,הלכה,משנה תורה,מפרשים,ביאור שטיינזלץ,ספר הפלאה
"ביאור שטיינזלץ על משנה תורה, הלכות ערכים וחרמין","Steinsaltz on Mishneh Torah, Appraisals and Devoted Property",,הלכה,משנה תורה,מפרשים,ביאור שטיינזלץ,ספר הפלאה
"ביאור שטיינזלץ על משנה תורה, הלכות כלאים","Steinsaltz on Mishneh Torah, Diverse Species",,הלכה,משנה תורה,מפרשים,ביאור שטיינזלץ,ספר זרעים
"ביאור שטיינזלץ על משנה תורה, הלכות מתנות עניים","Steinsaltz on Mishneh Torah, Gifts to the Poor",,הלכה,משנה תורה,מפרשים,ביאור שטיינזלץ,ספר זרעים
"ביאור שטיינזלץ על משנה תורה, הלכות תרומות","Steinsaltz on Mishneh Torah, Heave Offerings",,הלכה,משנה תורה,מפרשים,ביאור שטיינזלץ,ספר זרעים
"ביאור שטיינזלץ על משנה תורה, הלכות מעשרות","Steinsaltz on Mishneh Torah, Tithes",,הלכה,משנה תורה,מפרשים,ביאור שטיינזלץ,ספר זרעים
"ביאור שטיינזלץ על משנה תורה, הלכות מעשר שני ונטע רבעי","Steinsaltz on Mishneh Torah, Second Tithes and Fourth Year's Fruit",,הלכה,משנה תורה,מפרשים,ביאור שטיינזלץ,ספר זרעים
"ביאור שטיינזלץ על משנה תורה, הלכות ביכורים ושאר מתנות כהונה שבגבולין","Steinsaltz on Mishneh Torah, First Fruits and other Gifts to Priests Outside the Sanctuary",,הלכה,משנה תורה,מפרשים,ביאור שטיינזלץ,ספר זרעים
"ביאור שטיינזלץ על משנה תורה, הלכות שמיטה ויובל","Steinsaltz on Mishneh Torah, Sabbatical Year and the Jubilee",,הלכה,משנה תורה,מפרשים,ביאור שטיינזלץ,ספר זרעים
"ביאור שטיינזלץ על משנה תורה, הלכות בית הבחירה","Steinsaltz on Mishneh Torah, The Chosen Temple",,הלכה,משנה תורה,מפרשים,ביאור שטיינזלץ,ספר עבודה
"ביאור שטיינזלץ על משנה תורה, הלכות כלי המקדש והעובדין בו","Steinsaltz on Mishneh Torah, Vessels of the Sanctuary and Those who Serve Therein",,הלכה,משנה תורה,מפרשים,ביאור שטיינזלץ,ספר עבודה
"ביאור שטיינזלץ על משנה תורה, הלכות ביאת מקדש","Steinsaltz on Mishneh Torah, Admission into the Sanctuary",,הלכה,משנה תורה,מפרשים,ביאור שטיינזלץ,ספר עבודה
"ביאור שטיינזלץ על משנה תורה, הלכות איסורי המזבח","Steinsaltz on Mishneh Torah, Things Forbidden on the Altar",,הלכה,משנה תורה,מפרשים,ביאור שטיינזלץ,ספר עבודה
"ביאור שטיינזלץ על משנה תורה, הלכות מעשה הקרבנות","Steinsaltz on Mishneh Torah, Sacrificial Procedure",,הלכה,משנה תורה,מפרשים,ביאור שטיינזלץ,ספר עבודה
"ביאור שטיינזלץ על משנה תורה, הלכות תמידים ומוספין","Steinsaltz on Mishneh Torah, Daily Offerings and Additional Offerings",,הלכה,משנה תורה,מפרשים,ביאור שטיינזלץ,ספר עבודה
"ביאור שטיינזלץ על משנה תורה, הלכות פסולי המוקדשין","Steinsaltz on Mishneh Torah, Sacrifices Rendered Unfit",,הלכה,משנה תורה,מפרשים,ביאור שטיינזלץ,ספר עבודה
"ביאור שטיינזלץ על משנה תורה, הלכות עבודת יום הכפורים","Steinsaltz on Mishneh Torah, Service on the Day of Atonement",,הלכה,משנה תורה,מפרשים,ביאור שטיינזלץ,ספר עבודה
"ביאור שטיינזלץ על משנה תורה, הלכות מעילה","Steinsaltz on Mishneh Torah, Trespass",,הלכה,משנה תורה,מפרשים,ביאור שטיינזלץ,ספר עבודה
"ביאור שטיינזלץ על משנה תורה, הלכות קרבן פסח","Steinsaltz on Mishneh Torah, Paschal Offering",,הלכה,משנה תורה,מפרשים,ביאור שטיינזלץ,ספר קורבנות
"ביאור שטיינזלץ על משנה תורה, הלכות חגיגה","Steinsaltz on Mishneh Torah, Festival Offering",,הלכה,משנה תורה,מפרשים,ביאור שטיינזלץ,ספר קורבנות
"ביאור שטיינזלץ על משנה תורה, הלכות בכורות","Steinsaltz on Mishneh Torah, Firstlings",,הלכה,משנה תורה,מפרשים,ביאור שטיינזלץ,ספר קורבנות
"ביאור שטיינזלץ על משנה תורה, הלכות שגגות","Steinsaltz on Mishneh Torah, Offerings for Unintentional Transgressions",,הלכה,משנה תורה,מפרשים,ביאור שטיינזלץ,ספר קורבנות
"ביאור שטיינזלץ על משנה תורה, הלכות מחוסרי כפרה","Steinsaltz on Mishneh Torah, Offerings for Those with Incomplete Atonement",,הלכה,משנה תורה,מפרשים,ביאור שטיינזלץ,ספר קורבנות
"ביאור שטיינזלץ על משנה תורה, הלכות תמורה","Steinsaltz on Mishneh Torah, Substitution",,הלכה,משנה תורה,מפרשים,ביאור שטיינזלץ,ספר קורבנות
"ביאור שטיינזלץ על משנה תורה, הלכות טומאת מת","Steinsaltz on Mishneh Torah, Defilement by a Corpse",,הלכה,משנה תורה,מפרשים,ביאור שטיינזלץ,ספר טהרה
"ביאור שטיינזלץ על משנה תורה, הלכות פרה אדומה","Steinsaltz on Mishneh Torah, Red Heifer",,הלכה,משנה תורה,מפרשים,ביאור שטיינזלץ,ספר טהרה
"ביאור שטיינזלץ על משנה תורה, הלכות טומאת צרעת","Steinsaltz on Mishneh Torah, Defilement by Leprosy",,הלכה,משנה תורה,מפרשים,ביאור שטיינזלץ,ספר טהרה
"ביאור שטיינזלץ על משנה תורה, הלכות מטמאי משכב ומושב","Steinsaltz on Mishneh Torah, Those Who Defile Bed or Seat",,הלכה,משנה תורה,מפרשים,ביאור שטיינזלץ,ספר טהרה
"ביאור שטיינזלץ על משנה תורה, הלכות שאר אבות הטומאות","Steinsaltz on Mishneh Torah, Other Sources of Defilement",,הלכה,משנה תורה,מפרשים,ביאור שטיינזלץ,ספר טהרה
"ביאור שטיינזלץ על משנה תורה, הלכות טומאת אוכלים","Steinsaltz on Mishneh Torah, Defilement of Foods",,הלכה,משנה תורה,מפרשים,ביאור שטיינזלץ,ספר טהרה
"ביאור שטיינזלץ על משנה תורה, הלכות כלים","Steinsaltz on Mishneh Torah, Vessels",,הלכה,משנה תורה,מפרשים,ביאור שטיינזלץ,ספר טהרה
"ביאור שטיינזלץ על משנה תורה, הלכות מקואות","Steinsaltz on Mishneh Torah, Immersion Pools",,הלכה,משנה תורה,מפרשים,ביאור שטיינזלץ,ספר טהרה
"ביאור שטיינזלץ על משנה תורה, הלכות נזקי ממון","Steinsaltz on Mishneh Torah, Damages to Property",,הלכה,משנה תורה,מפרשים,ביאור שטיינזלץ,ספר נזיקין
"ביאור שטיינזלץ על משנה תורה, הלכות גניבה","Steinsaltz on Mishneh Torah, Theft",,הלכה,משנה תורה,מפרשים,ביאור שטיינזלץ,ספר נזיקין
"ביאור שטיינזלץ על משנה תורה, הלכות גזילה ואבידה","Steinsaltz on Mishneh Torah, Robbery and Lost Property",,הלכה,משנה תורה,מפרשים,ביאור שטיינזלץ,ספר נזיקין
"ביאור שטיינזלץ על משנה תורה, הלכות חובל ומזיק","Steinsaltz on Mishneh Torah, One Who Injures a Person or Property",,הלכה,משנה תורה,מפרשים,ביאור שטיינזלץ,ספר נזיקין
"ביאור שטיינזלץ על משנה תורה, הלכות רוצח ושמירת נפש","Steinsaltz on Mishneh Torah, Murderer and the Preservation of Life",,הלכה,משנה תורה,מפרשים,ביאור שטיינזלץ,ספר נזיקין
"ביאור שטיינזלץ על משנה תורה, הלכות מכירה","Steinsaltz on Mishneh Torah, Sales",,הלכה,משנה תורה,מפרשים,ביאור שטיינזלץ,ספר קניין
"ביאור שטיינזלץ על משנה תורה, הלכות זכייה ומתנה","Steinsaltz on Mishneh Torah, Ownerless Property and Gifts",,הלכה,משנה תורה,מפרשים,ביאור שטיינזלץ,ספר קניין
"ביאור שטיינזלץ על משנה תורה, הלכות שכנים","Steinsaltz on Mishneh Torah, Neighbors",,הלכה,משנה תורה,מפרשים,ביאור שטיינזלץ,ספר קניין
"ביאור שטיינזלץ על משנה תורה, הלכות שלוחין ושותפין","Steinsaltz on Mishneh Torah, Agents and Partners",,הלכה,משנה תורה,מפרשים,ביאור שטיינזלץ,ספר קניין
"ביאור שטיינזלץ על משנה תורה, הלכות עבדים","Steinsaltz on Mishneh Torah, Slaves",,הלכה,משנה תורה,מפרשים,ביאור שטיינזלץ,ספר קניין
"ביאור שטיינזלץ על משנה תורה, הלכות שכירות","Steinsaltz on Mishneh Torah, Hiring",,הלכה,משנה תורה,מפרשים,ביאור שטיינזלץ,ספר משפטים
"ביאור שטיינזלץ על משנה תורה, הלכות שאלה ופיקדון","Steinsaltz on Mishneh Torah, Borrowing and Deposit",,הלכה,משנה תורה,מפרשים,ביאור שטיינזלץ,ספר משפטים
"ביאור שטיינזלץ על משנה תורה, הלכות מלווה ולווה","Steinsaltz on Mishneh Torah, Creditor and Debtor",,הלכה,משנה תורה,מפרשים,ביאור שטיינזלץ,ספר משפטים
"ביאור שטיינזלץ על משנה תורה, הלכות טוען ונטען","Steinsaltz on Mishneh Torah, Plaintiff and Defendant",,הלכה,משנה תורה,מפרשים,ביאור שטיינזלץ,ספר משפטים
"ביאור שטיינזלץ על משנה תורה, הלכות נחלות","Steinsaltz on Mishneh Torah, Inheritances",,הלכה,משנה תורה,מפרשים,ביאור שטיינזלץ,ספר משפטים
"ביאור שטיינזלץ על משנה תורה, הלכות סנהדרין והעונשין המסורין להם","Steinsaltz on Mishneh Torah, The Sanhedrin and the Penalties within their Jurisdiction",,הלכה,משנה תורה,מפרשים,ביאור שטיינזלץ,ספר שופטים
"ביאור שטיינזלץ על משנה תורה, הלכות עדות","Steinsaltz on Mishneh Torah, Testimony",,הלכה,משנה תורה,מפרשים,ביאור שטיינזלץ,ספר שופטים
"ביאור שטיינזלץ על משנה תורה, הלכות ממרים","Steinsaltz on Mishneh Torah, Rebels",,הלכה,משנה תורה,מפרשים,ביאור שטיינזלץ,ספר שופטים
"ביאור שטיינזלץ על משנה תורה, הלכות אבל","Steinsaltz on Mishneh Torah, Mourning",,הלכה,משנה תורה,מפרשים,ביאור שטיינזלץ,ספר שופטים
"ביאור שטיינזלץ על משנה תורה, הלכות מלכים ומלחמות","Steinsaltz on Mishneh Torah, Kings and Wars",,הלכה,משנה תורה,מפרשים,ביאור שטיינזלץ,ספר שופטים
"שולחן ערוך, הקדמה","Shulchan Arukh, Introduction",,הלכה,שולחן ערוך
פסקי הסידור,Piskei HaSiddur,,הלכה,שולחן ערוך הרב
סדר ברכת הנהנין,Seder Birkat HaNehenin,,הלכה,שולחן ערוך הרב
האגור,HaAgur,,הלכה,ראשונים
תורת האדם,Torat HaAdam,,הלכה,ראשונים
מדריך להלכות טהרת המשפחה,A Lifetime Companion to the Laws of Jewish Family Life,,הלכה,ספרות מודרנית
ההלכה כוחה ותפקידה,HaHalakhah; Kochah VeTafkidah,,הלכה,ספרות מודרנית
תנאי בנישואין ובגט,Tenai BeNissuin Uveget,,הלכה,ספרות מודרנית
תורת ההגיון בהלכה,Torat HaHiggayon BaHalakhah,,הלכה,ספרות מודרנית
יהל אור על ספר הזהר,Yahel Ohr on Zohar,,קבלה,זהר
שער ההקדמות,Sha'ar HaHakdamot,,קבלה,כתבי הארי וחיים ויטאל
השפעה; הלימוד המרכזי של הקבלה,Giving; The Essential Teaching of the Kabbalah,,קבלה,בעל הסולם
מגלה עמוקות על פרשת ואתחנן,Megalleh Amukkot on Parashat VaEtchanan,,קבלה,ספרי קבלה נוספים
הגדת הרב יונתן זקס,The Jonathan Sacks Haggadah,,סדר התפילה,הגדה,מפרשים
מדרש בחדוש על הגדה של פסח,Midrash BeChiddush on Pesach Haggadah,,סדר התפילה,הגדה,מפרשים
מעבר יבק,Ma'avar Yabbok,,סדר התפילה,חיבורים נוספים
מדרש האתמרי,Midrash HaIttamari,,מחשבת ישראל,אחרונים
ספר ההגיון,Sefer HaHiggayon,,מחשבת ישראל,אחרונים
ספר המליצה,Sefer HaMelitzah,,מחשבת ישראל,אחרונים
מורה נבוכי הזמן,Moreh Nevukhei HaZeman,,מחשבת ישראל,ספרות מודרנית
מחלוקת לשם שמים,Arguments for the Sake of Heaven,,מחשבת ישראל,ספרות מודרנית,הרב לורד יונתן זקס
מועדים לשיחה; קריאות חדשות בחגי ישראל,"Ceremony and Celebration Family Edition, The Hagim",,מחשבת ישראל,ספרות מודרנית,הרב לורד יונתן זקס
משבר וברית; מחשבה יהודית מודרנית ופוסט מודרנית,Crisis and Covenant; Jewish Thought after the Holocaust,,מחשבת ישראל,ספרות מודרנית,הרב לורד יונתן זקס
בלשון עתיד; חזון ליהודים וליהדות בתרבות הגלובלית,Future Tense; A Vision for Jews and Judaism in the Global Culture,,מחשבת ישראל,ספרות מודרנית,הרב לורד יונתן זקס
מסורת בעידן לא מסורתי,Tradition in an Untraditional Age,,מחשבת ישראל,ספרות מודרנית,הרב לורד יונתן זקס
פסח על שום מה הגדת הרב יונתן זקס; מאמרים,The Jonathan Sacks Haggadah; Essays,,מחשבת ישראל,ספרות מודרנית
תורת אמך,Torah of the Mothers,,מחשבת ישראל,ספרות מודרנית
נשמת חיים,Nishmat Chayyim,,מחשבת ישראל
נר מצוה ותורה אור; שער היחוד,The Gate of Unity,,חסידות,חבד
חנה אריאל,Chanah Ariel,,חסידות,ספרי חסידות נוספים
אור המאיר,Ohr HaMeir,,חסידות,ספרי חסידות נוספים
שערי עבודה,Sha'arei Avodah,,חסידות,ספרי חסידות נוספים
שערי היחוד ואמונה,Sha'arei HaYichud VeEmunah,,חסידות,ספרי חסידות נוספים
מעלות המדות,Ma'alot HaMiddot,,ספרי מוסר,ראשונים
יסוד התשובה,Yesod HaTeshuvah,,ספרי מוסר,ראשונים
שות הרן,Teshuvot HaRan,,שות,ראשונים
אבקת רוכל,Avkat Rokhel,,שות,אחרונים
בנין עולם,Binyan Olam,,שות,אחרונים
הלכות קטנות,Halakhot Ketanot,,שות,אחרונים
שות מהרם פדוואה,Responsa Maharam of Padua,,שות,אחרונים
תשובות משיב דבר,Teshuvot Meshiv Davar,,שות,אחרונים
תשובות רבי עקיבא איגר,Teshuvot Rabbi Akiva Eiger,,שות,אחרונים
תשובות רבי עקיבא איגר החדשות,Teshuvot Rabbi Akiva Eiger HaChadashot,,שות,אחרונים
תשובות רבי עקיבא איגר תניינא,Teshuvot Rabbi Akiva Eiger Tinyana,,שות,אחרונים
שות מהרשם חלק א,Teshuvot Maharsham Volume I,,שות
שות מהרשם חלק ב,Teshuvot Maharsham Volume II,,שות
שות מהרשם חלק ג,Teshuvot Maharsham Volume III,,שות
