"ספר השרשים (רד""ק)/הקדמה",,הקדמה
"ספר השרשים (רד""ק)/אות האלף",,אות האלף
"ספר השרשים (רד""ק)/אות הבית",,אות הבית
"ספר השרשים (רד""ק)/אות הגימל",,אות הגימל
"ספר השרשים (רד""ק)/אות הדלת",,אות הדלת
"ספר השרשים (רד""ק)/אות ההא",,אות ההא
"ספר השרשים (רד""ק)/אות הוו",,אות הוו
"ספר השרשים (רד""ק)/אות הזין",,אות הזין
"ספר השרשים (רד""ק)/אות החית",,אות החית
"ספר השרשים (רד""ק)/אות הטית",,אות הטית
"ספר השרשים (רד""ק)/אות היוד",,אות היוד
"ספר השרשים (רד""ק)/אות הכף",,אות הכף
"ספר השרשים (רד""ק)/אות הלמד",,אות הלמד
"ספר השרשים (רד""ק)/אות המם",,אות המם
"ספר השרשים (רד""ק)/אות הנון",,אות הנון
"ספר השרשים (רד""ק)/אות הסמך",,אות הסמך
"ספר השרשים (רד""ק)/אות העין",,אות העין
"ספר השרשים (רד""ק)/אות הפא",,אות הפא
"ספר השרשים (רד""ק)/אות הצדי",,אות הצדי
"ספר השרשים (רד""ק)/אות הקוף",,אות הקוף
"ספר השרשים (רד""ק)/אות הריש",,אות הריש
"ספר השרשים (רד""ק)/אות השין",,אות השין
"ספר השרשים (רד""ק)/אות התיו",,אות התיו
