"ארחות חיים הלכ' יו""ט סימןגד","ארחות חיים הלכ' יו""ט סימן ד"
"ארחות חיים הלכ' יו""ט סימןגה'","ארחות חיים הלכ' יו""ט סימן ה'"
"ארחות חיים הלכ' יו""ט סימןגו'","ארחות חיים הלכ' יו""ט סימן ו'"
"ארחות חיים הלכ' יו""ט סימןגל'","ארחות חיים הלכ' יו""ט סימן ל'"
"ארחות חיים הלכ' יו""ט סימןגמ'","ארחות חיים הלכ' יו""ט סימן מ'"
"ארחות חיים הלכ' יו""ט סימןגנ'","ארחות חיים הלכ' יו""ט סימן נ'"
"ארחות חיים הלכ' יו""ט סימןגס'","ארחות חיים הלכ' יו""ט סימן ס'"
"ארחות חיים הלכ' יו""ט סימןגע'","ארחות חיים הלכ' יו""ט סימן ע'"
"העיטור הלכ' יו""ט מח'גא","העיטור הלכ' יו""ט מח' א"
"העיטור הלכ' יו""ט מח'גא'","העיטור הלכ' יו""ט מח' א'"
"העיטור הלכ' יו""ט מח'גב'","העיטור הלכ' יו""ט מח' ב'"
"העיטור הלכ' יו""ט מח'גג'","העיטור הלכ' יו""ט מח' ג'"
"העיטור הלכ' יו""ט מח'גד'","העיטור הלכ' יו""ט מח' ד'"
"העיטור הלכ' יו""ט מח'גה'","העיטור הלכ' יו""ט מח' ה'"
"העיטור הלכ' יו""ט מח'גו'","העיטור הלכ' יו""ט מח' ו'"
"העיטור הלכ' יו""ט מח'גז'","העיטור הלכ' יו""ט מח' ז'"
"העיטור הלכ' יו""ט מח'גח'","העיטור הלכ' יו""ט מח' ח'"
"העיטור הלכ' יו""ט מח'גי'","העיטור הלכ' יו""ט מח' י'"
"העיטור הלכ' יו""ט מח'גכ'","העיטור הלכ' יו""ט מח' כ'"
הערוך ערךגאד,הערוך ערך אד
הערוך ערךגגב,הערוך ערך גב
הערוך ערךגדב,הערוך ערך דב
הערוך ערךגדץ,הערוך ערך דץ
הערוך ערךגחף,הערוך ערך חף
הערוך ערךגחר,הערוך ערך חר
הערוך ערךגכש,הערוך ערך כש
הערוך ערךגלד,הערוך ערך לד
הערוך ערךגמט,הערוך ערך מט
הערוך ערךגסך,הערוך ערך סך
הערוך ערךגצח,הערוך ערך צח
הערוך ערךגשם,הערוך ערך שם
הערוך ערךגשק,הערוך ערך שק
הערוך שטגג,הערוך ערך שט ג
הערוך ערך עשר אח' עסק,הערוך ערך עשר אח' עסק
הערוך ערך עשר אחר ע' עסק,הערוך ערך עשר אחר ע' עסק
הערוך ערך עשר אחר עסק,הערוך ערך עשר אחר עסק
הערוך ערך עשר אחרי עסק,הערוך ערך עשר אחרי עסק
"אהל מועד שער ק""ש דרך א'",אהל מועד שער קריאת שמע דרך א'
"אהל מועד שער ק""ש דרך ה'",אהל מועד שער קריאת שמע דרך ה'
"או""ז הלכות אבלות סימן תי""ח","או""ז הלכ' אבלות סימן תי""ח"
"או""ז הלכות יו""ט סימן של""ג","או""ז הלכ' יו""ט סימן של""ג"
אור זרוע הלכ' הודאת בעל דין,"או""ז הלכ' הודאת בעל דין"
"אור זרוע הלכ' יו""ט סימן ש""ל","או""ז הלכ' יו""ט סימן ש""ל"
"אור זרוע הלכ' יו""ט סימן שכ""ט","או""ז הלכ' יו""ט סימן שכ""ט"
"אור זרוע הלכ' יו""ט סימן של""א","או""ז הלכ' יו""ט סימן של""א"
"אור זרוע הלכ' יו""ט סימן של""ו","או""ז הלכ' יו""ט סימן של""ו"
"אור זרוע הלכ' יו""ט סימן שמ""ג","או""ז הלכ' יו""ט סימן שמ""ג"
"אור זרוע הלכ' יו""ט סימן שנ""ב","או""ז הלכ' יו""ט סימן שנ""ב"
"אור זרוע ע""ז","אור זרוע — ע""ז"
ארחות חיים הלכות ברכו סימנים ג'—ד',ארחות חיים הלכ' ברכו סימנים ג'—ד'
ארחות חיים הלכות טהרת הנדה ודין המקוה סימן ג',ארחות חיים הלכ' טהרת הנדה ודין המקוה סימן ג'
"ארחות חיים הלכות יין נסך סימן ל""ו","ארחות חיים הלכ' יין נסך סימן ל""ו"
ארחות חיים הלכות נשים,ארחות חיים הלכ' נשים
"ארחות חיים הלכות תפילה סימן ט""ו","ארחות חיים הלכ' תפילה סימן ט""ו"
"ארחות חיים הלכות תפילה סימן מ""ז","ארחות חיים הלכ' תפילה סימן מ""ז"
"בה""ג הל' יו""ט","בה""ג הלכ' יו""ט"
"בית אלהים למבי""ט שער התפילה פ""ה","בית אלוהים למבי""ט שער התפילה פ""ה"
האגודה ברכות,האגודה — ברכות
האגודה סוכה,האגודה — סוכה
"האורה לרש""י סט""ז","האורה לרש""י סימן ט""ז"
"האורה לרש""י סמ""ב","האורה לרש""י סימן מ""ב"
"הבתים — שערי נט""י שער ראשון",הבתים — שערי נטילת ידים שער ראשון
"הבתים — שערי ק""ש שער חמישי",הבתים — שערי קריאת שמע שער חמישי
"הבתים — שערי ק""ש שער שלישי",הבתים — שערי קריאת שמע שער שלישי
"הלכ' ברכות למהר""ם מרוטנברג — הוספות נדמ""ח מכת""י","הלכ' ברכות למהר""ם מרוטנבורג — הוספות נדמ""ח מכת""י"
הלכות פסוקות לרבי יהודאי גאון הלכ' עירובין,הלכות פסוקות לרבינו יהודאי גאון הלכ' עירובין
הלכות פסוקת לרבינו יהודאי גאון הלכ' קידושין,הלכות פסוקות לרבינו יהודאי גאון הלכ' קידושין
"הלכות שמחות למהר""ם מרוטבורג סימן קי""ד","הלכות שמחות למהר""ם מרוטנבורג סימן קי""ד"
המאורות ברכות,המאורות — ברכות
המכתם סוכה,המכתם — סוכה
המכתם ברכות,המכתם — ברכות
"העיטור ש""ב ברכת חתנים ח""א","העיטור שער שני ברכת חתנים ח""א"
"העיטור ש""ב ברכת חתנים ח""ב","העיטור שער שני ברכת חתנים ח""ב"
"העיטור ש""ב ברכת חתנים ח""ג","העיטור שער שני ברכת חתנים ח""ג"
"העיטור ש""ב ברכת חתנים ח""ד","העיטור שער שני ברכת חתנים ח""ד"
"העיטור ש""ב הלכ' שחיטה ח""א","העיטור שער שני הלכ' שחיטה ח""א"
"העיטור ש""ב הלכ' שחיטה ח""ו","העיטור שער שני הלכ' שחיטה ח""ו"
"הפרדס לרש""י, הלכ' בשר בחלב","הפרדס לרש""י, הלכ' בשר בחלב"
"הפרדס לרש""י, הלכ' טריפות לרבינו שלמה","הפרדס לרש""י הלכ' טריפות לרבינו שלמה"
"הפרדס לרש""י, הלכ' שחיטה לרבינו שלמה","הפרדס לרש""י הלכ' שחיטה לרבינו שלמה"
"הפרדס לרש""י, הלכ' שחיטה לרבינו שמואל","הפרדס לרש""י הלכ' שחיטה לרבינו שמואל"
"הר""י מיגש ליקוטים — קידושין","הר""י מיגש, ליקוטים — קידושין"
"השגות הרמב""ן על ספר — המצות לרמב""ם","השגות הרמב""ן על ספר המצות לרמב""ם"
השלמה ברכות,השלמה — ברכות
"התוספות שעל האלפס לרבינו משה ב""ר יום טוב מלונדרי""ש","התוספות שעל האלפס לרבינו משה ב""ר יו""ט מלונדרי""ש"
אגודה מס' ביצה סימןגא',אגודה מס' ביצה סימן א'
אגודה מס' ביצה סימןגג',אגודה מס' ביצה סימן ג'
אגודה מס' ביצה סימןגד',אגודה מס' ביצה סימן ד'
אגודה מס' ביצה סימןגה',אגודה מס' ביצה סימן ה'
אגודה מס' ביצה סימןגו',אגודה מס' ביצה סימן ו'
אגודה מס' ביצה סימןגז',אגודה מס' ביצה סימן ז'
אגודה מס' ביצה סימןגח',אגודה מס' ביצה סימן ח'
אגודה מס' ביצה סימןגט',אגודה מס' ביצה סימן ט'
אגודה מס' ביצה סימןגי',אגודה מס' ביצה סימן י'
אגודה מס' ביצה סימןגכ',אגודה מס' ביצה סימן כ'
אגודה סימןגמ',אגודה סימן מ'
אגודה סימןגנ',אגודה סימן נ'
ארחות חיים הלכ' עירובי תבשילין סימןגב',ארחות חיים הלכ' עירובי תבשילין סימן ב'
ארחות חיים הלכ' עירובי תבשילין סימןגג',ארחות חיים הלכ' עירובי תבשילין סימן ג'
ארחות חיים הלכ' עירובי תבשילין סימןגד',ארחות חיים הלכ' עירובי תבשילין סימן ד'
ארחות חיים הלכ' עירובי תבשילין סימןגה',ארחות חיים הלכ' עירובי תבשילין סימן ה'
ארחות חיים הלכ' עירובי תבשילין סימןגז',ארחות חיים הלכ' עירובי תבשילין סימן ז'
ארחות חיים הלכ' עירובי תבשילין סימןגח',ארחות חיים הלכ' עירובי תבשילין סימן ח'
ארחות חיים הלכ' עירובי תבשילין סימןגט',ארחות חיים הלכ' עירובי תבשילין סימן ט'
ארחות חיים הלכ' עירובי תבשילין סימןגי',ארחות חיים הלכ' עירובי תבשילין סימן י'
ארחות חיים הלכ' ערובי תבשילין סימןגי',ארחות חיים הלכ' ערובי תבשילין סימן י'
האגודה — ביצה סימןגי',האגודה — ביצה סימן י'
המכריע סימןגב',המכריע סימן ב'
המכריע סימןגג',המכריע סימן ג'
"המנהיג הלכ' יו""ט סימןגק'","המנהיג הלכ' יו""ט סימן ק'"
צרור החיים דרך עשירי סימןגא',צרור החיים דרך עשירי סימן א'
צרור החיים דרך עשירי סימןגג',צרור החיים דרך עשירי סימן ג'
צרור החיים דרך עשירי סימןגד',צרור החיים דרך עשירי סימן ד'
צרור החיים דרך עשירי סימןגה',צרור החיים דרך עשירי סימן ה'
צרור החיים דרך עשירי סימןגו',צרור החיים דרך עשירי סימן ו'
צרור החיים דרך עשירי סימןגז',צרור החיים דרך עשירי סימן ז'
צרור החיים דרך עשירי סימןגח',צרור החיים דרך עשירי סימן ח'
צרור החיים דרך עשירי סימןגט',צרור החיים דרך עשירי סימן ט'
צרור החיים דרך עשירי סימןגי',צרור החיים דרך עשירי סימן י'
"צרור החיים דרך עשירי, סימןגב'","צרור החיים דרך עשירי, סימן ב'"
"צרור החיים דרך עשירי, סימןגט'","צרור החיים דרך עשירי, סימן ט'"
צרור החיים הדרך העשירי סימןגג',צרור החיים דרך העשירי סימן ג'
"צרור החיים, דרך עשירי סימןגא'","צרור החיים, דרך עשירי סימן א'"
"צרור החיים, דרך עשירי סימןגב'","צרור החיים, דרך עשירי סימן ב'"
"צרור החיים, דרך עשירי סימןגג'","צרור החיים, דרך עשירי סימן ג'"
"צרור החיים, דרך עשירי סימןגד'","צרור החיים, דרך עשירי סימן ד'"
"צרור החיים, דרך עשירי סימןגה'","צרור החיים, דרך עשירי סימן ה'"
"צרור החיים, דרך עשירי סימןגו'","צרור החיים, דרך עשירי סימן ו'"
"צרור החיים, דרך עשירי סימןגז'","צרור החיים, דרך עשירי סימן ז'"
"צרור החיים, דרך עשירי סימןגח'","צרור החיים, דרך עשירי סימן ח'"
"צרור החיים, דרך עשירי סימןגי'","צרור החיים, דרך עשירי סימן י'"
"צרור החיים, דרך עשירי, סימןגג'","צרור החיים, דרך עשירי, סימן ג'"
שאלתות פ' בשלח שאילתאגנ',שאלתות פ' בשלח שאילתא נ'
"שאלתות פ' בשלח, שאילתא מ""ז","שאלתות פ' בשלח, שאילתא מ""ז"
"שאלתות פ' ויצא, שאילתאגכ'","שאלתות פ' ויצא, שאילתא כ'"
אגודה סימן גב',אגודה סימן ב'
"חבור התשובה למאירי — שבר גאון מאמר ב' פ""ב","חבור התשובה להמאירי — שבר גאון מאמר ב' פ""ב"
"חדושי הר""ן מגילה","חדושי הר""ן — מגילה"
"חדושי הרא""ה ברכות","חדושי הרא""ה — ברכות"
"חדושי רבינו דוד בונפיד, תלמיד הרמב""ן — סנהדרין","חדושי רבינו דוד בונפיל, תלמיד הרמב""ן — סנהדרין"
חוקת הדיינים סימן א',חוקות הדיינים סימן א'
"חוקת הדיינים סימן רס""ז","חוקות הדיינים סימן רס""ז"
"חוקת הדיינין סימן י""ד","חוקות הדיינים סימן י""ד"
"חי' הרשב""ץ ר""ה","חי' הרשב""ץ — ר""ה"
"חידושי הר""ן מגילה","חידושי הר""ן — מגילה"
"חידושי הרא""ה ברכות","חידושי הרא""ה — ברכות"
"כתוב שם לראב""ד גיטין","כתוב שם לראב""ד — גיטין"
"כתוב שם לראב""ד יבמות","כתוב שם לראב""ד — יבמות"
"כתוב שם לראב""ד כתובות","כתוב שם לראב""ד — כתובות"
ליקוטי גאונים לרבינו יעקב פייתוסי,לקוטי גאונים לרבינו יעקב פייתוסי
ליקוטי גאונים לרבינו יעקב פייתוסי — נזיר,לקוטי גאונים לרבינו יעקב פייתוסי — נזיר
ליקוטי תוס' רבינו פרץ,לקוטי תוס' רבינו פרץ
ליקוטי תוס' רבינו פרץ — סנהדרין,לקוטי תוס' רבינו פרץ — סנהדרין
ליקוטי תשובות הראשונים מחתנו של בעל המאורות,לקוטי תשובות הראשונים מחתנו של בעל המאורות
מחזור ויטרי הלכ' שבת מספר תרומה סימן א',מחזור ויטרי הלכ' שבת מספר התרומה סימן א'
"מחזור ויטרי סימן תצ""ט הלכ' נידה לרש""י","מחזור ויטרי סימן תצ""ט הלכ' נדה לרש""י"
"מעשה רוקח הל' יו""ט סימן ק""ד","מעשה רוקח הלכ' יו""ט סימן ק""ד"
"משמרת הבית לרשב""א בית חמישי שער רביעי","משמרת הבית לרשב""א על תוה""ב בית חמישי שער רביעי"
"משמרת הבית לרשב""א בית שלישי שער שביעי","משמרת הבית לרשב""א על תוה""ב בית שלישי שער שביעי"
נימוקי יוסף,נמוקי יוסף
נמוקי יוסף ברכות,נמוקי יוסף — ברכות
נמוקי יוסף מגילה,נמוקי יוסף — מגילה
נמוקי יוסף תענית,נמוקי יוסף — תענית
סדר רב עמדם גאון,סדר רב עמרם גאון
סידור רב סעדיה גאון,סידור רבינו סעדיה גאון
"סמ""ג לאוין רפ""ג","סמ""ג לאוין סימן רפ""ג"
"ספר האסופות כת""י — הלכות פסוקות מאבי העזרי בדיני פת ושמן","ספר האסופות מכת""י — הלכות פסוקות מאבי העזרי בדיני פת ושמן"
"ספר האסופות כת""י — ליקוטין ופסקים מספר ראבי""ה הלכ' יין נסך","ספר האסופות מכת""י — ליקוטין ופסקים מספר ראבי""ה הלכ' יין נסך"
"ספר האסופות כת""י — ליקוטין ופסקים מספר ראבי""ה על ע""ז","ספר האסופות מכת""י — ליקוטין ופסקים מספר ראבי""ה על ע""ז"
"ספר האסופות כת""י הלכ' טבילת כלים","ספר האסופות מכת""י הלכ' טבילת כלים"
"ספר האסופות כת""י הלכ' טהרת כלים","ספר האסופות מכת""י הלכ' טהרת כלים"
"ספר האסופות כת""י הלכ' יין נסך","ספר האסופות מכת""י הלכ' יין נסך"
"ספר האסופות כת""י הלכ' יין נסך — מספר התרומה","ספר האסופות מכת""י הלכ' יין נסך — מספר התרומה"
"ספר האסופות כת""י הלכ' נדה","ספר האסופות מכת""י הלכ' נדה"
"ספר האסופות כת""י הלכ' נט""י","ספר האסופות מכת""י הלכ' נט""י"
"ספר האסופות כת""י הלכ' תיקון מקוה","ספר האסופות מכת""י הלכ' תיקון מקוה"
"ספר האסופות כת""י סימן שצ""ד","ספר האסופות מכת""י סימן שצ""ד"
"ספר האסופות כת""י סימן שצ""ח","ספר האסופות מכת""י סימן שצ""ח"
"ספר האסופות כת""י סימן תקמ""ח","ספר האסופות מכת""י סימן תקמ""ח"
"ספר הישר לר""ת — חדושים סימן רצ""ב","ספר הישר לר""ת — חידושים סימן רצ""ב"
"ספר הישר לר""ת — תשובות סימן פ'","ספר הישר לר""ת — שו""ת סימן פ'"
"ספר המצות — לרמב""ם לאוין רי""ד","ספר המצות לרמב""ם — לאוין רי""ד"
ספר המקח והממכר לרב האי גאון — השער שנים עשר,ספר המקח והממכר לרב האי גאון — שער שנים עשר
"ספר הנר מכת""י — עירובין","ספר הנר כת""י — עירובין"
ספר הפרדס שער חמישי,ספר הפרדס — שער חמישי
ספר הפרדס שער עשירי,ספר הפרדס — שער עשירי
ספר הפרדס שער ראשון,ספר הפרדס — שער ראשון
ספר הפרדס שער רביעי,ספר הפרדס — שער רביעי
ספר הפרדס שער שביעי,ספר הפרדס — שער שביעי
ספר הפרדס שער שישי,ספר הפרדס — שער שישי
ספר הפרדס שער שלישי,ספר הפרדס — שער שלישי
ספר הפרדס שער שמיני,ספר הפרדס — שער שמיני
ספר הפרדס שער שני,ספר הפרדס — שער שני
ספר הפרדס שער תשיעי,ספר הפרדס — שער תשיעי
"ספר התרומות — שער מ""א","ספר התרומות שער מ""א"
ספר נייר הלכ' אבל,ספר הנייר הלכ' אבל
ספר נייר הלכ' אותו ואת בנו,ספר הנייר הלכ' אותו ואת בנו
ספר נייר הלכ' איסור המאכל,ספר הנייר הלכ' איסור המאכל
ספר נייר הלכ' איסור והיתר,ספר הנייר הלכ' איסור והיתר
ספר נייר הלכ' דוכן,ספר הנייר הלכ' דוכן
ספר נייר הלכ' הגעלה וליבון,ספר הנייר הלכ' הגעלה וליבון
"ספר נייר הלכ' חוה""מ","ספר הנייר הלכ' חוה""מ"
ספר נייר הלכ' חלב — דיני גבינה ובשר,ספר הנייר הלכ' חלב — דיני גבינה ובשר
ספר נייר הלכ' חלב וחוטין האסורין,ספר הנייר הלכ' חלב וחוטין האסורין
ספר נייר הלכ' חלה,ספר הנייר הלכ' חלה
ספר נייר הלכ' חנוכה,ספר הנייר הלכ' חנוכה
"ספר נייר הלכ' ט""ב ותענית","ספר הנייר הלכ' ט""ב ותענית"
ספר נייר הלכ' טבילת כלים,ספר הנייר הלכ' טבילת כלים
ספר נייר הלכ' טומאה,ספר הנייר הלכ' טומאה
ספר נייר הלכ' טריפות,ספר הנייר הלכ' טריפות
"ספר נייר הלכ' יו""ט","ספר הנייר הלכ' יו""ט"
"ספר נייר הלכ' יוה""כ","ספר הנייר הלכ' יוה""כ"
ספר נייר הלכ' יין נסך,ספר הנייר הלכ' יין נסך
ספר נייר הלכ' כלאים,ספר הנייר הלכ' כלאים
ספר נייר הלכ' כלה,ספר הנייר הלכ' כלה
ספר נייר הלכ' לולב,ספר הנייר הלכ' לולב
ספר נייר הלכ' מגילה ופורים,ספר הנייר הלכ' מגילה ופורים
ספר נייר הלכ' מזוזה,ספר הנייר הלכ' מזוזה
ספר נייר הלכ' מליחה,ספר הנייר הלכ' מליחה
ספר נייר הלכ' נטילת ידים,ספר הנייר הלכ' נטילת ידים
ספר נייר הלכ' ניקור,ספר הנייר הלכ' ניקור
ספר נייר הלכ' סוכה,ספר הנייר הלכ' סוכה
ספר נייר הלכ' סימני חיה טהורה,ספר הנייר הלכ' סימני חיה טהורה
ספר נייר הלכ' עירובין,ספר הנייר הלכ' עירובין
ספר נייר הלכ' ערלה,ספר הנייר הלכ' ערלה
ספר נייר הלכ' פסח,ספר הנייר הלכ' פסח
ספר נייר הלכ' קדוש והבדלה,ספר הנייר הלכ' קדוש והבדלה
ספר נייר הלכ' שבת,ספר הנייר הלכ' שבת
ספר נייר הלכ' שופר ותפילה,ספר הנייר הלכ' שופר ותפילה
ספר נייר הלכ' שחיטה,ספר הנייר הלכ' שחיטה
ספר נייר הלכ' שכיב מרע,ספר הנייר הלכ' שכיב מרע
ספר נייר הלכ' תענית,ספר הנייר הלכ' תענית
"ספר תורת האדם לרמב""ן שער הגמול","ספר תורת האדם להרמב""ן שער הגמול"
"עבוה""ק הארוך להרשב""א בית מועד שער ראשון","עבוה""ק הארוך לרשב""א בית מועד שער ראשון"
"עבוה""ק להרשב""א בית מועד שער ראשון","עבוה""ק לרשב""א בית מועד שער ראשון"
ערכי תנאים ואמוראים לרבינו יהודה בר קלונימוס משפירא רבו של הרוקח — ערך רבי יוסי בר חנינא,"ערכי תנאים ואמוראים לרבינו יהודה ב""ר קלונימוס משפירא רבו של הרוקח — ערך רבי יוסי בר חנינא"
"פירוש אגדות לרבנו ידעיה הפניני ב""ר אברהם הבדרשי","פירוש אגדות לרבינו ידעיה הפניני ב""ר אברהם הבדרשי"
פירוש התפילות לרבינו יהודה בר יקר,"פירוש התפילות לרבינו יהודה ב""ר יקר"
"פירוש התפלות לרבינו יהודה ב""ר יקר","פירוש התפילות לרבינו יהודה ב""ר יקר"
"פירוש ר""ש משאנ""ץ על תו""כ צו פרשה א' הי""ב","פירוש ר""ש משאנ""ץ על תורת כהנים צו פרשה א' הי""ב"
פירוש רבינו יצחק קרקושה שבועות,פירוש רבינו יצחק קרקושה — שבועות
"פסקי או""ז בכורות","פסקי או""ז — בכורות"
"פסקי או""ז גיטין","פסקי או""ז — גיטין"
"פסקי או""ז יבמות","פסקי או""ז — יבמות"
"פסקי או""ז יומא","פסקי או""ז — יומא"
"פסקי או""ז כלאים","פסקי או""ז — כלאים"
"פסקי או""ז הלכות מילה","פסקי או""ז הלכ' מילה"
"פסקי או""ז הלכות נשיאת כפים","פסקי או""ז הלכ' נשיאת כפים"
"פסקי או""ז ע""ז סימן ל""ח","פסקי או""ז — ע""ז סימן ל""ח"
"פסקי או""ז ע""ז סימן נ""ב","פסקי או""ז — ע""ז סימן נ""ב"
"פסקי או""ז עבודה זרה","פסקי או""ז — ע""ז"
"פסקי או""ז ערלה","פסקי או""ז — ערלה"
"פסקי או""ז פסחים סימן ל""ז","פסקי או""ז — פסחים סימן ל""ז"
"פסקי בכורה לרבינו ברוך ספרדי ז""ל",פסקי בכורה לרבינו ברוך ספרדי
"פסקי הרי""ד ברכות","פסקי הרי""ד — ברכות"
"פסקי מהרמ""ק עבודה זרה","פסקי מהרמ""ק — ע""ז"
"פסקי מהרמ""ק שבת","פסקי מהרמ""ק — שבת"
"פסקי ריא""ז ברכות","פסקי ריא""ז — ברכות"
"פסקי ריא""ז גיטין","פסקי ריא""ז — גיטין"
"פסקי ריא""ז תענית","פסקי ריא""ז — תענית"
"צדה לדרך מאמר ראשון כלל ג' פכ""ג","צידה לדרך מאמר ראשון כלל ג' פכ""ג"
"צידה לדרך מאמר ראשון כלל שלישי פכ""ח","צידה לדרך מאמר ראשון כלל ד' פכ""ח"
"צידה לדרך מאמר ראשון כלל שני פ""א","צידה לדרך מאמר ראשון כלל ב' פ""א"
"צידה לדרך מאמר ראשון כלל שני פכ""ח","צידה לדרך מאמר ראשון כלל ב' פכ""ח"
צרור החיים דרך עשירי סימן ב',צרור החיים הדרך העשירי סימן ב'
צרור החיים דרך עשירי סימן ו',צרור החיים הדרך העשירי סימן ו'
צרור החיים דרך עשירי סימן י',צרור החיים הדרך העשירי סימן י'
צרור החיים דרך ראשון סימן א',צרור החיים הדרך הראשון סימן א'
צרור החיים דרך ראשון סימן ב',צרור החיים הדרך הראשון סימן ב'
צרור החיים דרך ראשון סימן ג',צרור החיים הדרך הראשון סימן ג'
צרור החיים דרך ראשון סימן ד',צרור החיים הדרך הראשון סימן ד'
צרור החיים דרך ראשון סימן ה',צרור החיים הדרך הראשון סימן ה'
צרור החיים דרך ראשון סימן ו',צרור החיים הדרך הראשון סימן ו'
צרור החיים דרך ראשון סימן ז',צרור החיים הדרך הראשון סימן ז'
צרור החיים דרך ראשון סימן ח',צרור החיים הדרך הראשון סימן ח'
צרור החיים דרך ראשון סימן ט',צרור החיים הדרך הראשון סימן ט'
צרור החיים דרך ראשון סימן י',צרור החיים הדרך הראשון סימן י'
"צרור החיים דרך ראשון סימן י""א","צרור החיים הדרך הראשון סימן י""א"
"צרור החיים דרך ראשון סימן י""ב","צרור החיים הדרך הראשון סימן י""ב"
"צרור החיים דרך ראשון סימן י""ג","צרור החיים הדרך הראשון סימן י""ג"
"צרור החיים דרך שני סימן ט""ו","צרור החיים הדרך השני סימן ט""ו"
"צרור החיים דרך שני סימן ט""ז","צרור החיים הדרך השני סימן ט""ז"
"צרור החיים דרך שני סימן י""א","צרור החיים הדרך השני סימן י""א"
"צרור החיים דרך שני סימן י""ב","צרור החיים הדרך השני סימן י""ב"
"צרור החיים דרך שני סימן י""ג","צרור החיים הדרך השני סימן י""ג"
"צרור החיים דרך שני סימן י""ד","צרור החיים הדרך השני סימן י""ד"
"צרור החיים דרך שני סימן י""ז","צרור החיים הדרך השני סימן י""ז"
"צרור החיים דרך שני סימן י""ח","צרור החיים הדרך השני סימן י""ח"
"צרור החיים דרך שני סימן י""ט","צרור החיים הדרך השני סימן י""ט"
צרור החיים דרך שני סימן כ',צרור החיים הדרך השני סימן כ'
צרור החיים דרך שני סימנים א'—י',צרור החיים הדרך השני סימנים א'—י'
"צרור החיים, דרך עשירי סימן א'",צרור החיים הדרך העשירי סימן א'
"צרור החיים, דרך עשירי סימן ב'",צרור החיים הדרך העשירי סימן ב'
"צרור החיים, דרך עשירי סימן ג'",צרור החיים הדרך העשירי סימן ג'
"צרור החיים, דרך עשירי סימן ד'",צרור החיים הדרך העשירי סימן ד'
"צרור החיים, דרך עשירי סימן ז'",צרור החיים הדרך העשירי סימן ז'
"ראב""ן ב""ב","ראב""ן — ב""ב"
"ראב""ן ב""מ","ראב""ן — ב""מ"
"ראב""ן ב""ק","ראב""ן — ב""ק"
"ראב""ן ביצה","ראב""ן — ביצה"
"ראב""ן גיטין","ראב""ן — גיטין"
"ראב""ן יבמות","ראב""ן — יבמות"
"ראב""ן יומא","ראב""ן — יומא"
"ראב""ן מגילה","ראב""ן — מגילה"
"ראב""ן מו""ק","ראב""ן — מו""ק"
"ראב""ן סוכה","ראב""ן — סוכה"
"ראב""ן ברכות סימן קפ""ט","ראב""ן — ברכות סימן קפ""ט"
"ראב""ן יבמות ר""פ החולץ","ראב""ן — יבמות ר""פ החולץ"
"ראב""ן סוף ברכות","ראב""ן — סוף ברכות"
"ראב""ן סוף גיטין","ראב""ן — סוף גיטין"
"ראב""ן סוף יבמות","ראב""ן — סוף יבמות"
"ראב""ן סוף כתובות","ראב""ן — סוף כתובות"
"ראב""ן סוף נדרים","ראב""ן — סוף נדרים"
"ראב""ן סוף סנהדרין","ראב""ן — סוף סנהדרין"
"ראב""ן סוף שבועות","ראב""ן — סוף שבועות"
"ראב""ן סנהדרין","ראב""ן — סנהדרין"
"ראב""ן עירובין","ראב""ן — עירובין"
"ראב""ן פסחים","ראב""ן — פסחים"
"ראב""ן ר""ה","ראב""ן — ר""ה"
"ראב""ן ר""פ החולץ","ראב""ן — ר""פ החולץ"
"ראב""ן ריש מס' קידושין","ראב""ן — ריש מס' קידושין"
"ראב""ן ריש קידושין","ראב""ן — ריש קידושין"
"ראב""ן שבועות","ראב""ן — שבועות"
"ראב""ן תענית","ראב""ן — תענית"
"ראבי""ה סי' תשס""ב","ראבי""ה סימן תשס""ב"
"ראבי""ה — סוף ע""ז","ראבי""ה סוף ע""ז"
"רבינו בחיי אבות פ""ב","רבינו בחיי בפירושו לפ""ב דאבות"
"רבינו בחיי אבות פ""ו","רבינו בחיי בפירושו לפ""ו דאבות"
"רבינו בחיי לפירושו לפ""ו דאבות","רבינו בחיי בפירושו לפ""ו דאבות"
רבינו בחיי ויקרא א' ז',"רבינו בחיי, ויקרא א' ז'"
"רבינו בחיי ויקרא י""א י""א","רבינו בחיי, ויקרא י""א י""א"
"רבינו בחיי ויקרא כ""ד י'","רבינו בחיי, ויקרא כ""ד י'"
"רבינו בחיי ויקרא כ""ה","רבינו בחיי, ויקרא כ""ה"
רבינו גרשום סוף בכורות,רבינו גרשום — סוף בכורות
"רבינו חננאל ב""ר שמואל — עירובין",רבינו חננאל בן שמואל — עירובין
רבינו יהונתן מלוניל ברכות,רבינו יהונתן מלוניל — ברכות
רבינו יהונתן מלוניל הלכ' טומאה,רבינו יהונתן מלוניל — הלכ' טומאה
רבינו יהונתן מלוניל הלכ' מקואות,רבינו יהונתן מלוניל — הלכ' מקואות
רבינו יהונתן מלוניל הלכ' נדה,רבינו יהונתן מלוניל — הלכ' נדה
רבינו יהונתן מלוניל כתובות,רבינו יהונתן מלוניל — כתובות
"רבינו יהונתן מלוניל מו""ק","רבינו יהונתן מלוניל — מו""ק"
"רבינו ירוחם נתיב רביעי ח""א","רבינו ירוחם נ""ד ח""א"
"רבינו ירחם ני""ג ח""ג","רבינו ירוחם ני""ג ח""ג"
"רוקח הלכ' יו""ט סימן רצ""ט","הרוקח הלכ' יו""ט סימן רצ""ט"
"רוקח סימ' רצ""ז","הרוקח סימן רצ""ז"
"רוקח סימן רצ""ו","הרוקח סימן רצ""ו"
"רוקח סימן רצ""ז","הרוקח סימן רצ""ז"
"רוקח סימן רצ""ח","הרוקח סימן רצ""ח"
"רוקח סימן רצ""ט","הרוקח סימן רצ""ט"
"רוקח סימן ש""א","הרוקח סימן ש""א"
"רוקח סימן ש""ב","הרוקח סימן ש""ב"
"רוקח סימן ש""ג","הרוקח סימן ש""ג"
"רוקח סימן ש""ה","הרוקח סימן ש""ה"
"רוקח סימן ש""ח","הרוקח סימן ש""ח"
הרוקח סי' צ',הרוקח סימן צ'
"ריבב""ן ברכות","ריבב""ן — ברכות"
"ריבב""ן עירובין","ריבב""ן — עירובין"
"שאילתות פ' אחרי, שאילתא צ""א","שאילתות פרשת אחרי שאילתא צ""א"
"שאילתות פ' אחרי, שאילתא צ""ד","שאילתות פרשת אחרי שאילתא צ""ד"
"שאילתות פ' אמור, שאילתא ק""ז","שאילתות פרשת אמור שאילתא ק""ז"
"שאילתות פ' בא, שאילתא מ""ד","שאילתות פרשת בא שאילתא מ""ד"
"שאילתות פ' בא, שאילתא מ""ו","שאילתות פרשת בא שאילתא מ""ו"
"שאילתות פ' בראשית, שאילתאגא",שאילתות פרשת בראשית שאילתא א
שאילתות פ' בשלח שאילתא נ',שאילתות פרשת בשלח שאילתא נ'
שאילתות פ' בשלח שאילתאגנ',שאילתות פרשת בשלח שאילתא נ'
"שאילתות פ' בשלח, שאילתא מ""ז","שאילתות פרשת בשלח שאילתא מ""ז"
"שאילתות פ' יתרו, שאילתא נ""א","שאילתות פרשת יתרו שאילתא נ""א"
"שאילתות פ' יתרו, שאילתא נ""ד","שאילתות פרשת יתרו שאילתא נ""ד"
"שאילתות פ' קורח, שאילתא קל""ב","שאילתות פרשת קורח שאילתא קל""ב"
"שאילתות פ' ראה, שאילתא קמ""ז","שאילתות פרשת ראה שאילתא קמ""ז"
"שאילתות פ' שלח, שאילתא קכ""ח","שאילתות פרשת שלח שאילתא קכ""ח"
"שבה""ל הלכ' יו""ט סימן ר""נ","שבלי הלקט הלכ' יו""ט סימן ר""נ"
"שבלי הלקט, הלכ' יו""ט סימן ר""ס","שבלי הלקט הלכ' יו""ט סימן ר""ס"
"שבלי הלקט, הלכ' יו""ט סימן רמ""ב","שבלי הלקט הלכ' יו""ט סימן רמ""ב"
"שבלי הקלט סימן י""ב","שבלי הלקט סימן י""ב"
"שו""ת הר""י מיגאש סימן מ""ט","שו""ת הר""י מיגש סימן מ""ט"
"שו""ת הר""י מיגאש סימן קי""ז","שו""ת הר""י מיגש סימן קי""ז"
"שו""ת הרא""ש — כלל מ""ח סימן א'","שו""ת הרא""ש כלל מ""ח סימן א'"
"שו""ת הרא""ש — כלל מ""ח סימן ד'","שו""ת הרא""ש כלל מ""ח סימן ד'"
"שו""ת הרא""ש — כלל ע""ו סימן ד'","שו""ת הרא""ש כלל ע""ו סימן ד'"
"שו""ת הריב""ש המיוחסות סימן ג'","שו""ת הריב""ש — מיוחסות סימן ג'"
"שו""ת הריב""ש המיוחסות סימן י""ח","שו""ת הריב""ש — מיוחסות סימן י""ח"
"שו""ת הריב""ש המיוחסות סימן ל""ה","שו""ת הריב""ש — מיוחסות סימן ל""ה"
"שו""ת הרשב""א המיוחסות לרמב""ן סימן ר""ד","שו""ת הרשב""א מיוחסות סימן ר""ד"
"שו""ת הרשב""א המיוחסות לרמב""ן סימן ר""פ","שו""ת הרשב""א מיוחסות סימן ר""פ"
"שו""ת הרשב""א המיוחסות לרמב""ן סימן רפ""ג","שו""ת הרשב""א מיוחסות סימן רפ""ג"
"שו""ת זכרון יהודה לרבינו יהודה בן הרא""ש סימן י'","שו""ת זכרון יהודה — לרבינו יהודה בן הרא""ש סימן י'"
"שו""ת זכרון יהודה לרבינו יהודה בן הרא""ש סימן ס""ט","שו""ת זכרון יהודה — לרבינו יהודה בן הרא""ש סימן ס""ט"
"שו""ת זכרון יהודה לרבינו יהודה בן הרא""ש סימן ע""ג","שו""ת זכרון יהודה — לרבינו יהודה בן הרא""ש סימן ע""ג"
"שו""ת זכרון יהודה לרבינו יהודה בן הרא""ש סימן קי""ג","שו""ת זכרון יהודה — לרבינו יהודה בן הרא""ש סימן קי""ג"
"שו""ת מהר""ם מרוטנבורג — ד""פ סימן תרכ""ב","שו""ת מהר""ם מרוטנבורג — דפוס פראג סימן תרכ""ב"
"שו""ת מהר""ם מרוטנבורג סימן מ""ו דפוס קרימונה, וסימן שס""ח דפוס לבוב","שו""ת מהר""ם מרוטנבורג דפוס קרימונה סימן מ""ו, ודפוס לבוב סימן שס""ח"
"שו""ת מהר""ם מרוטנבורג סימן נ""ז, דפוס ברלין","שו""ת מהר""ם מרוטנבורג דפוס ברלין סימן נ""ז"
"שו""ת מהר""ם מרוטנבורג סימן רע""ח, דפוס פראג","שו""ת מהר""ם מרוטנבורג דפוס פראג סימן רע""ח"
"שו""ת מהר""ם מרוטנבורג סימן ש""כ, דפוס לבוב","שו""ת מהר""ם מרוטנבורג דפוס לבוב סימן ש""כ"
"שו""ת מהר""ם מרוטנבורג סימן של""ב, דפוס לבוב","שו""ת מהר""ם מרוטנבורג דפוס לבוב סימן של""ב"
"שו""ת מהר""ם מרוטנבורג סימן שמ""ח דפוס פראג","שו""ת מהר""ם מרוטנבורג דפוס פראג סימן שמ""ח"
"שו""ת מהר""ם מרוטנבורג סימן תכ""ג, דפוס לבוב","שו""ת מהר""ם מרוטנבורג דפוס לבוב סימן תכ""ג"
"שו""ת מהר""ם מרוטנבורג סימן תמ""ה, דפוס פראג","שו""ת מהר""ם מרוטנבורג דפוס פראג סימן תמ""ה"
"שו""ת מהר""ם מרוטנבורג סימן תנ""ט, דפוס ברלין","שו""ת מהר""ם מרוטנבורג דפוס ברלין סימן תנ""ט"
"שו""ת מהר""ם מרוטנבורג סימן תרל""ו, דפוס פראג","שו""ת מהר""ם מרוטנבורג דפוס פראג סימן תרל""ו"
"שו""ת מהר""ם מרוטנבורג סימן תרנ""ג, דפוס פראג","שו""ת מהר""ם מרוטנבורג דפוס פראג סימן תרנ""ג"
"שו""ת מהר""ם מרוטנבורג סימן תרנ""ד דפוס פראג","שו""ת מהר""ם מרוטנבורג דפוס פראג סימן תרנ""ד"
"שו""ת מהר""ם מרוטנבורג סימן תרנ""ו, דפוס פראג","שו""ת מהר""ם מרוטנבורג דפוס פראג סימן תרנ""ו"
"שו""ת מהר""ם מרוטנבורג, סימן ע""ה, דפוס ברלין","שו""ת מהר""ם מרוטנבורג דפוס ברלין סימן ע""ה"
"שו""ת רשב""ש סימן תל""ז","שו""ת הרשב""ש סימן תל""ז"
"שו""ת רשב""ש סימן תקי""ג","שו""ת הרשב""ש סימן תקי""ג"
"שו""ת רשב""ש סימן תרכ""ו","שו""ת הרשב""ש סימן תרכ""ו"
"שו""ת תשב""ץ ח""א סימן כ""ח","שו""ת התשב""ץ ח""א סימן כ""ח"
"שו""ת תשב""ץ ח""א סימן ל""ח","שו""ת התשב""ץ ח""א סימן ל""ח"
"שו""ת תשב""ץ ח""א סימן מ""ו","שו""ת התשב""ץ ח""א סימן מ""ו"
"שו""ת תשב""ץ ח""א סימן קי""א","שו""ת התשב""ץ ח""א סימן קי""א"
"שו""ת תשב""ץ ח""ג סימן מ""ב","שו""ת התשב""ץ ח""ג סימן מ""ב"
"שו""ת תשב""ץ ח""ג סימן נ""ח","שו""ת התשב""ץ ח""ג סימן נ""ח"
"שו""ת תשב""ץ ח""ג סימן ר""ל","שו""ת התשב""ץ ח""ג סימן ר""ל"
"שו""ת תשב""ץ ח""ג סימן ר""פ","שו""ת התשב""ץ ח""ג סימן ר""פ"
"שו""ת תשב""ץ ח""ג סימן רל""ח","שו""ת התשב""ץ ח""ג סימן רל""ח"
"שו""ת תשב""ץ ח""ג סימן רע""ט","שו""ת התשב""ץ ח""ג סימן רע""ט"
"שו""ת תשב""ץ ח""ד סימן מ""ט","שו""ת התשב""ץ ח""ד סימן מ""ט"
"שו""ת תשב""ץ ח""ד סימן נ""ה","שו""ת התשב""ץ ח""ד סימן נ""ה"
"שיטה לחכמי איבר""א — ביצה",שיטה לחכמי איוורא — ביצה
"תוס' רי""ד תענית","תוס' רי""ד — תענית"
"תוס' רי""ד תנינא","תוס' רי""ד מהדורא תניינא"
"תוס' רי""ד מהדורא תנינא","תוס' רי""ד מהדורא תניינא"
"תוס' רי""ד — מהדורא תליתאה","תוס' רי""ד מהדורא תליתאה"
תוספות רבינו פרץ יומא,תוספות רבינו פרץ — יומא
תוספות רבינו פרץ סוכה,תוספות רבינו פרץ — סוכה
תוס' חכמי אנגליה,תוספות חכמי אנגליה
תוס' חכמי אנגליה — השלמות,תוספות חכמי אנגליה — השלמות
"תוס' ר""י הלבן","תוספות ר""י הלבן"
"תוס' ר""י הלבן — יומא","תוספות ר""י הלבן — יומא"
"תוס' ר""ש ב""ר אברהם משאנץ","תוספות ר""ש ב""ר אברהם משאנץ"
"תוס' ר""ש ב""ר אברהם משאנץ — פסחים","תוספות ר""ש ב""ר אברהם משאנץ — פסחים"
"תוס' רי""ד","תוספות רי""ד"
"תוס' רי""ד — ב""ב מהדורא תליתאה","תוספות רי""ד — ב""ב מהדורא תליתאה"
"תוס' רי""ד — ביצה מהדורא תליתאה","תוספות רי""ד — ביצה מהדורא תליתאה"
"תוס' רי""ד — חגיגה מהדורא קמא","תוספות רי""ד — חגיגה מהדורא קמא"
"תוס' רי""ד — מגילה מהדורא קמא","תוספות רי""ד — מגילה מהדורא קמא"
"תוס' רי""ד — מו""ק מהדורא בתרא","תוספות רי""ד — מו""ק מהדורא בתרא"
"תוס' רי""ד — עירובין מהדורא תליתאה","תוספות רי""ד — עירובין מהדורא תליתאה"
"תוס' רי""ד — פסחים מהדורא תליתאה","תוספות רי""ד — פסחים מהדורא תליתאה"
"תוס' רי""ד — ר""ה","תוספות רי""ד — ר""ה"
"תוס' רי""ד — שבת מהדורא תליתאה","תוספות רי""ד — שבת מהדורא תליתאה"
"תוס' רי""ד — תענית","תוספות רי""ד — תענית"
"תוס' רי""ד מהדורא בתרא","תוספות רי""ד מהדורא בתרא"
"תוס' רי""ד מהדורא קמא","תוספות רי""ד מהדורא קמא"
"תוס' רי""ד מהדורא תליתאה","תוספות רי""ד מהדורא תליתאה"
"תוס' רי""ד מהדורא תניינא","תוספות רי""ד מהדורא תניינא"
"תשבץ סימנים רכ""א—רכ""ב","תשב""ץ סימנים רכ""א—רכ""ב"
"תשובות גאוני מזרח ומערב סי' מ""ג","תשובות גאוני מזרח ומערב סימן מ""ג"
"תשובות גאוני מזרח ומערב סי' ע""ח","תשובות גאוני מזרח ומערב סימן ע""ח"
"תשובות גאוני מזרח ומערב סי' קכ""ט","תשובות גאוני מזרח ומערב סימן קכ""ט"
"תשובות גאונים קדמונים סי' כ""ד, שערי תשובה סי' קס""ה","תשובות גאונים קדמונים סימן כ""ד, שערי תשובה סימן קס""ה"
"תשובות גאונים קדמונים סי' ק""ה, תשובות גאוני מזרח ומערב סי' מ""ג","תשובות גאונים קדמונים סימן ק""ה, תשובות גאוני מזרח ומערב סימן מ""ג"
"תשובות הגאונים, גאונים קדמונים סימן צ""ב","תשובות גאונים קדמונים סימן צ""ב"
"תשובות הגאונים, שערי צדק ח""ג שער ו' סימן י""ט","תשובות הגאונים — שערי צדק ח""ג שער ו' סימן י""ט"
"תשובות הגאונים, שערי צדק ח""ד שער א' סימן ו'","תשובות הגאונים — שערי צדק ח""ד שער א' סימן ו'"
"תשובות הרמב""ם — ח""ד סימן תנ""ט","תשובות הרמב""ם ח""ד סימן תנ""ט"
"תשובות ופסקים לחכמי אשכנזי וצרפת סימן פ""ג","תשובות ופסקים לחכמי אשכנז וצרפת סימן פ""ג"
תשובות לרב האי גאון,תשובות לרבינו האי גאון
"תשובות מיימוניות משפטים סימן נ""א","תשובות מיימוניות — משפטים סימן נ""א"
"תשובות ראב""י לבעל האשכול","תשובות רבינו אברהם ב""ר יצחק בעל האשכול"
